"X","UniProt.ID","Gene.name","UniProt.ID.1","Position","Code","Sequence","Species","Group","Family","seq_15"
126,"P00519","ABL1","P47811",182,"Y","KPSNLAVNEDCELKILDFGLARHTDDEMTGYVATRWYRAPEIMLNWMHYNQTVDIWSVGCI","Homo sapiens","TK","Abl","TDDEMTGYVATRWYR"
620,"P31749","AKT1","Q9Z120",21,"S","**********MMAGAEAPQPQKRYYRQRAHSNPMADHTLRYPVKPEEMDWSELYPEFFAPL","Homo sapiens","AGC","Akt","YYRQRAHSNPMADHT"
685,"P31749","AKT1","Q9UBP6",27,"S","****MAAETRNVAGAEAPPPQKRYYRQRAHSNPMADHTLRYPVKPEEMDWSELYPEFFAPL","Homo sapiens","AGC","Akt","YYRQRAHSNPMADHT"
709,"P31749","AKT1","P20749",41,"S","EGPVDLRTRPKAAGLPGAALPLRKRPLRAPSPEPAAPRGAAGLVVPLDPLRGGCDLPAVPG","Homo sapiens","AGC","Akt","KRPLRAPSPEPAAPR"
793,"P31749","AKT1","Q9UNN5",582,"S","AIRLSLEQALPPEPKEENAEPVSKLRIRTPSGEFLERRFLASNKLQIVFDFVASKGFPWDE","Homo sapiens","AGC","Akt","KLRIRTPSGEFLERR"
795,"P31749","AKT1","P54253",775,"S","KFPEKMGLPAAPFLTKIEPSKPAATRKRRWSAPESRKLEKSEDEPPLTLPKPSLIPQEVKI","Homo sapiens","AGC","Akt","ATRKRRWSAPESRKL"
1154,"P10398","ARAF","Q92934",118,"S","EEPSPFRGRSRSAPPNLWAAQRYGRELRRMSDEFVDSFKKGLPRPKSAGTATQMRQSSSWT","Homo sapiens","TKL","RAF","GRELRRMSDEFVDSF"
1175,"Q13315","ATM","O15355",183,"S","IEELLTRYGQNCHKGPPHSKSGGGTGEEPGSQGLNGEAGPEDSTRETPSQENGPTAKAYTG","Homo sapiens","Atypical","PIKK","GTGEEPGSQGLNGEA"
1392,"Q13315","ATM","P16104",140,"S","PNIQAVLLPKKTSATVGPKAPSGGKKATQASQEY***************************","Homo sapiens","Atypical","PIKK","GKKATQASQEY____"
1583,"Q13535","ATR","P06748",125,"S","TPPVVLRLKCGSGPVHISGQHLVAVEEDAESEDEEEEDVKLLSISGKRSAPGGGSKVPQKK","Homo sapiens","Atypical","PIKK","AVEEDAESEDEEEED"
1597,"Q13535","ATR","P16104",140,"S","PNIQAVLLPKKTSATVGPKAPSGGKKATQASQEY***************************","Homo sapiens","Atypical","PIKK","GKKATQASQEY____"
1633,"O14965","AURKA","P04637",315,"S","EEENLRKKGEPHHELPPGSTKRALPNNTSSSPQPKKKPLDGEYFTLQIRGRERFEMFRELN","Homo sapiens","Other","Aur","LPNNTSSSPQPKKKP"
1684,"O14965","AURKA","Q9NZD0",315,"S","EEENLRKKGEPHHELPPGSTKRALPNNTSSSPQPKKKPLDGEYFTLQIRGRERFEMFRELN","Homo sapiens","Other","Aur","LPNNTSSSPQPKKKP"
1708,"O14965","AURKA","Q13761",14,"T","*****************MRIPVDPSTSRRFTPPSPAFPCGGGGGKMGENSGALSAQAAVGP","Homo sapiens","Other","Aur","PSTSRRFTPPSPAFP"
1715,"O14965","AURKA","P53350",210,"T","GNLFLNEDLEVKIGDFGLATKVEYDGERKKTLCGTPNYIAPEVLSKKGHSFEVDVWSIGCI","Homo sapiens","Other","Aur","YDGERKKTLCGTPNY"
1730,"O14965","AURKA","Q9ULW0",125,"S","IPSNACSSLEVEAAISRKTPAQPQRRSLRLSAQKDLEQKEKHHVKMKAKRCATPVIIDEIL","Homo sapiens","Other","Aur","QRRSLRLSAQKDLEQ"
1769,"Q96GD4","AURKB","Q96FF9",33,"S","GRRTRSGGAAQRSGPRAPSPTKPLRRSQRKSGSELPSILPEIWPKTPSAAAVRKPIVLKRI","Homo sapiens","Other","Aur","LRRSQRKSGSELPSI"
1836,"Q96GD4","AURKB","Q9BW61",33,"S","DFLKGLPVYNKSNFSRFHADSVCKASNRRPSVYLPTREYPSEQIIVTEKTNILLRYLHQQW","Homo sapiens","Other","Aur","KASNRRPSVYLPTRE"
1852,"Q96GD4","AURKB","P46013",374,"S","KMKTPVQYSQQQNSPQKHKNKDLYTTGRRESVNLGKSEGFKAGDKTLTPRKLSTRNRTPAK","Homo sapiens","Other","Aur","YTTGRRESVNLGKSE"
1905,"Q96GD4","AURKB","Q96FF9",83,"S","AVRKPIVLKRIVAHAVEVPAVQSPRRSPRISFFLEKENEPPGRELTKEDLFKTHSVPATPT","Homo sapiens","Other","Aur","PRRSPRISFFLEKEN"
1938,"Q96GD4","AURKB","Q13761",14,"T","*****************MRIPVDPSTSRRFTPPSPAFPCGGGGGKMGENSGALSAQAAVGP","Homo sapiens","Other","Aur","PSTSRRFTPPSPAFP"
1948,"Q96GD4","AURKB","P08238",255,"S","ISDDEAEEEKGEKEEEDKDDEEKPKIEDVGSDEEDDSGKDKKKKTKKIKEKYIDQEELNKT","Homo sapiens","Other","Aur","PKIEDVGSDEEDDSG"
1951,"Q96GD4","AURKB","Q14980",2055,"T","QSTTEAQKKAAPASTKQADRRQSMAFSILNTPKKLGNSLLRRGASKKALSKASPNTRSGTR","Homo sapiens","Other","Aur","MAFSILNTPKKLGNS"
1952,"Q96GD4","AURKB","P53350",210,"T","GNLFLNEDLEVKIGDFGLATKVEYDGERKKTLCGTPNYIAPEVLSKKGHSFEVDVWSIGCI","Homo sapiens","Other","Aur","YDGERKKTLCGTPNY"
1972,"Q96GD4","AURKB","Q53HL2",219,"S","TPRFDSRVFKTPGLRTPAAGERIYNISGNGSPLADSKEIFLTVPVGGGESLRLLASDLQRH","Homo sapiens","Other","Aur","YNISGNGSPLADSKE"
1973,"Q96GD4","AURKB","P46013",538,"S","FGGHLRPELFDENLPPNTPLKRGEAPTKRKSLVMHTPPVLKKIIKEQPQPSGKQESGSEIH","Homo sapiens","Other","Aur","EAPTKRKSLVMHTPP"
2089,"P15056","BRAF","Q92934",118,"S","EEPSPFRGRSRSAPPNLWAAQRYGRELRRMSDEFVDSFKKGLPRPKSAGTATQMRQSSSWT","Homo sapiens","TKL","RAF","GRELRRMSDEFVDSF"
3087,"O00311","CDC7","P49736",40,"S","MASSPAQRRRGNDPLTSSPGRSSRRTDALTSSPGRDLPPFEDESEGLLGTEGPLEEEEDGE","Homo sapiens","Other","CDC7","RRTDALTSSPGRDLP"
3089,"O00311","CDC7","P49736",41,"S","ASSPAQRRRGNDPLTSSPGRSSRRTDALTSSPGRDLPPFEDESEGLLGTEGPLEEEEDGEE","Homo sapiens","Other","CDC7","RTDALTSSPGRDLPP"
3097,"O00311","CDC7","P19338",76,"T","VVIPQKKGKKAAATSAKKVVVSPTKKVAVATPAKKAAVTPGKKAAATPAKKTVTPAKAVTT","Homo sapiens","Other","CDC7","TKKVAVATPAKKAAV"
3102,"O00311","CDC7","P11388",1525,"S","SDDFHMDFDSAVAPRAKSVRAKKPIKYLEESDEDDLF************************","Homo sapiens","Other","CDC7","PIKYLEESDEDDLF_"
3111,"O00311","CDC7","P06748",199,"T","EEDDDEDDDDDDFDDEEAEEKAPVKKSIRDTPAKNAQKSNQNGKDSKPSSTPRSKGQESFK","Homo sapiens","Other","CDC7","VKKSIRDTPAKNAQK"
3114,"O00311","CDC7","P19338",121,"T","ATPAKKTVTPAKAVTTPGKKGATPGKALVATPGKKGAAIPAKGAKNGKNAKKEDSDEEEDD","Homo sapiens","Other","CDC7","PGKALVATPGKKGAA"
3119,"O00311","CDC7","P11388",1213,"S","AKEKQDEQVGLPGKGGKAKGKKTQMAEVLPSPRGQRVIPRITIEMKAEAEKKNKKKIKNEN","Homo sapiens","Other","CDC7","QMAEVLPSPRGQRVI"
3125,"P06493","CDK1","Q96FF9",33,"S","GRRTRSGGAAQRSGPRAPSPTKPLRRSQRKSGSELPSILPEIWPKTPSAAAVRKPIVLKRI","Homo sapiens","CMGC","CDK","LRRSQRKSGSELPSI"
3127,"P06493","CDK1","P16949",25,"S","******MASSDIQVKELEKRASGQAFELILSPRSKESVPEFPLSPPKKKDLSLEEIQKKLE","Homo sapiens","CMGC","CDK","QAFELILSPRSKESV"
3135,"P06493","CDK1","O60566",543,"S","NIWQEQPHSKGPSVPFSIFDEFLLSEKKNKSPPADPPRVLAQRRPLAVLKTSESITSNEDV","Homo sapiens","CMGC","CDK","LSEKKNKSPPADPPR"
3136,"P06493","CDK1","P06400",373,"T","LQTDSIDSFETQRTPRKSNLDEEVNVIPPHTPVRTVMNTIQQLMMILNSASDQPSENLISY","Homo sapiens","CMGC","CDK","VNVIPPHTPVRTVMN"
3143,"P06493","CDK1","P27816",696,"S","SGIARPEEGRPVVSGTGNDITTPPNKELPPSPEKKTKPLATTQPAKTSTSKAKTQPTSLPK","Homo sapiens","CMGC","CDK","PNKELPPSPEKKTKP"
3159,"P06493","CDK1","O43663",481,"T","QLKNKKQTETEMLYGSAPRTPSKRRGLAPNTPGKARKLNTTTMSNATANSSIRPIFGGTVY","Homo sapiens","CMGC","CDK","RRGLAPNTPGKARKL"
3160,"P06493","CDK1","P0C1X8",388,"T","TTETSIAPRQRPKAGQTQPNPGILPIQPALTPRKRATVQPLPQATGPSNQPSLLASVSQPK","Homo sapiens","CMGC","CDK","LPIQPALTPRKRATV"
3171,"P06493","CDK1","P17096",53,"T","KRGRGRPRKQPPVSPGTALVGSQKEPSEVPTPKRPRGRPKGSKNKGAAKTRKTTTTPGRKP","Homo sapiens","CMGC","CDK","KEPSEVPTPKRPRGR"
3175,"P06493","CDK1","P26368",79,"S","RDQRSASRDRRRRSKPLTRGAKEEHGGLIRSPRHEKKKKVRKYWDVPPPGFEHITPMQYKA","Homo sapiens","CMGC","CDK","EHGGLIRSPRHEKKK"
3179,"P06493","CDK1","Q9Y3Z3",592,"T","LYAARQYFVQWCADRNFTKPQDGDVIAPLITPQKKEWNDSTSVQNPTRLREASKSRVQLFK","Homo sapiens","CMGC","CDK","DVIAPLITPQKKEWN"
3200,"P06493","CDK1","P19338",121,"T","ATPAKKTVTPAKAVTTPGKKGATPGKALVATPGKKGAAIPAKGAKNGKNAKKEDSDEEEDD","Homo sapiens","CMGC","CDK","PGKALVATPGKKGAA"
3206,"P06493","CDK1","P61980",216,"S","PHSTDRVVLIGGKPDRVVECIKIILDLISESPIKGRAQPYDPNFYDETYDYGGFTMMFDDR","Homo sapiens","CMGC","CDK","ILDLISESPIKGRAQ"
3218,"P06493","CDK1","P29590",518,"S","VIKMESEEGKEARLARSSPEQPRPSTSKAVSPPHLDGPPSPRSPVIGSEVFLPNSNHVASG","Homo sapiens","CMGC","CDK","PSTSKAVSPPHLDGP"
3222,"P06493","CDK1","P13668",25,"S","******MASSDIQVKELEKRASGQAFELILSPRSKESVPEFPLSPPKKKDLSLEEIQKKLE","Homo sapiens","CMGC","CDK","QAFELILSPRSKESV"
3223,"P06493","CDK1","Q04637",1231,"S","PEGLRKAASLTEDRDRGRDAVKREAALPPVSPLKAALSEEELEKKSKAIIEEYLHLNDMKE","Homo sapiens","CMGC","CDK","EAALPPVSPLKAALS"
3228,"P06493","CDK1","O00429",616,"S","TGNWRGMLKTSKAEELLAEEKSKPIPIMPASPQKGHAVNLLDVPVPVARKLSAREQRDCEV","Homo sapiens","CMGC","CDK","PIPIMPASPQKGHAV"
3240,"P06493","CDK1","P17096-2",42,"T","LASKQEKDGTEKRGRGRPRKQPPKEPSEVPTPKRPRGRPKGSKNKGAAKTRKTTTTPGRKP","Homo sapiens","CMGC","CDK","KEPSEVPTPKRPRGR"
3262,"P06493","CDK1","P16949",38,"S","VKELEKRASGQAFELILSPRSKESVPEFPLSPPKKKDLSLEEIQKKLEAAEERRKSHEAEV","Homo sapiens","CMGC","CDK","SVPEFPLSPPKKKDL"
3263,"P06493","CDK1","O94761",251,"S","IPGESAVLGPGAGSQGPEASAFQEVSIRVGSPQPSSSGGEKRRWNEEPWESPAQVQQESSQ","Homo sapiens","CMGC","CDK","EVSIRVGSPQPSSSG"
3264,"P06493","CDK1","P52948-2",653,"T","PVDENHQQDGDEDSLVSHFYTNPIAKPIPQTPESAGNKHSNSNSVDDTIVALNMRAALRNG","Homo sapiens","CMGC","CDK","IAKPIPQTPESAGNK"
3290,"P06493","CDK1","Q92993",86,"S","EWVTHERLDLKKIQFPKKEAKTPTKNGLPGSRPGSPEREVPASAQASGKTLPIPVQITLRF","Homo sapiens","CMGC","CDK","TKNGLPGSRPGSPER"
3293,"P06493","CDK1","Q9H1A4",688,"S","NLFVTCLMNMMGYNTDRLAWTRNFDFEGSLSPVIAPKKARPSETGSDDDWEYLLNSDYHQN","Homo sapiens","CMGC","CDK","FDFEGSLSPVIAPKK"
3299,"P06493","CDK1","Q9ULW0",738,"S","RRELVHKANPIRKYQGLEIKSSDQPLTVPVSPKFSTRFHC*********************","Homo sapiens","CMGC","CDK","QPLTVPVSPKFSTRF"
3307,"P06493","CDK1","P18858",76,"S","VSESDSPVKRPGRKAARVLGSEGEEEDEALSPAKGQKPALDCSQVSPPRPATSPENNASLS","Homo sapiens","CMGC","CDK","EEEDEALSPAKGQKP"
3308,"P06493","CDK1","P61978",216,"S","PHSTDRVVLIGGKPDRVVECIKIILDLISESPIKGRAQPYDPNFYDETYDYGGFTMMFDDR","Homo sapiens","CMGC","CDK","ILDLISESPIKGRAQ"
3320,"P06493","CDK1","P49736",41,"S","ASSPAQRRRGNDPLTSSPGRSSRRTDALTSSPGRDLPPFEDESEGLLGTEGPLEEEEDGEE","Homo sapiens","CMGC","CDK","RTDALTSSPGRDLPP"
3349,"P06493","CDK1","Q13428",156,"S","KAETEKAGKTGNSMPHPATGKTVANLLSGKSPRKSAEPSANTTLVSETEEEGSVPAFGAAA","Homo sapiens","CMGC","CDK","ANLLSGKSPRKSAEP"
3381,"P06493","CDK1","P18754",11,"S","********************MSPKRIAKRRSPPADAIPKSKKVKVSHRSHSTEPGLVLTLG","Homo sapiens","CMGC","CDK","KRIAKRRSPPADAIP"
3384,"P06493","CDK1","Q08379",37,"S","LPPRPAMSEETRQSKLAAAKKKLREYQQRNSPGVPTGAKKKKKIKNGSNPETTTSGGCHSP","Homo sapiens","CMGC","CDK","REYQQRNSPGVPTGA"
3399,"P06493","CDK1","Q15398",618,"S","RQEECAETAVSVIPKEVDKIVFDAGFFRVESPVKLFSGLSVSSEGPSQRLGTPKSVNKAVS","Homo sapiens","CMGC","CDK","AGFFRVESPVKLFSG"
3405,"P06493","CDK1","Q14980",2055,"T","QSTTEAQKKAAPASTKQADRRQSMAFSILNTPKKLGNSLLRRGASKKALSKASPNTRSGTR","Homo sapiens","CMGC","CDK","MAFSILNTPKKLGNS"
3413,"P06493","CDK1","P52732",926,"T","LELNETIKIGLTKLNCFLEQDLKLDIPTGTTPQRKSYLYPSTLVRTEPREHLLDQLKRKQP","Homo sapiens","CMGC","CDK","LDIPTGTTPQRKSYL"
3438,"P06493","CDK1","Q8WTW5",199,"T","EEDDDEDDDDDDFDDEEAEEKAPVKKSIRDTPAKNAQKSNQNGKDSKPSSTPRSKGQESFK","Homo sapiens","CMGC","CDK","VKKSIRDTPAKNAQK"
3441,"P06493","CDK1","P13668",38,"S","VKELEKRASGQAFELILSPRSKESVPEFPLSPPKKKDLSLEEIQKKLEAAEERRKSHEAEV","Homo sapiens","CMGC","CDK","SVPEFPLSPPKKKDL"
3445,"P06493","CDK1","Q2M2I8",389,"T","TTETSIAPRQRPKAGQTQPNPGILPIQPALTPRKRATVQPPPQAAGSSNQPGLLASVPQPK","Homo sapiens","CMGC","CDK","LPIQPALTPRKRATV"
3457,"P06493","CDK1","Q9UPU5",2047,"S","VYDQTNPYTDVRRRYWNAYMLFYQRVSDQNSPVLPKKSRVSVVRQEAEDLSLSAPSSPEIS","Homo sapiens","CMGC","CDK","QRVSDQNSPVLPKKS"
3466,"P06493","CDK1","P17096",36,"S","SKSSQPLASKQEKDGTEKRGRGRPRKQPPVSPGTALVGSQKEPSEVPTPKRPRGRPKGSKN","Homo sapiens","CMGC","CDK","PRKQPPVSPGTALVG"
3484,"P06493","CDK1","P10412",18,"T","*************MSETAPAAPAAPAPAEKTPVKKKARKSAGAAKRKASGPPVSELITKAV","Homo sapiens","CMGC","CDK","APAPAEKTPVKKKAR"
3486,"P06493","CDK1","O60566",1043,"S","GELAAEMNGVFDTTFQSHLNKALWKVGKLTSPGALLFQ***********************","Homo sapiens","CMGC","CDK","WKVGKLTSPGALLFQ"
3543,"P06493","CDK1","Q9Y5J2",616,"S","TGNWRGMLKTSKAEELLAEEKSKPIPIMPASPQKGHAVNLLDVPVPVARKLSAREQRDCEV","Homo sapiens","CMGC","CDK","PIPIMPASPQKGHAV"
3551,"P06493","CDK1","P06748",199,"T","EEDDDEDDDDDDFDDEEAEEKAPVKKSIRDTPAKNAQKSNQNGKDSKPSSTPRSKGQESFK","Homo sapiens","CMGC","CDK","VKKSIRDTPAKNAQK"
3552,"P06493","CDK1","Q8K585",53,"T","KRGRGRPRKQPSVSPGTALVGSQKEPSEVPTPKRPRGRPKGSKNKGTAKTRKVTTTPGRKP","Homo sapiens","CMGC","CDK","KEPSEVPTPKRPRGR"
3557,"P06493","CDK1","F2Z3T9",79,"S","RDQRSASRDRRRRSKPLTRGAKEEHGGLIRSPRHEKKKKVRKYWDVPPPGFEHITPMQYKA","Homo sapiens","CMGC","CDK","EHGGLIRSPRHEKKK"
3563,"P06493","CDK1","P31350",20,"S","***********MLSLRVPLAPITDPQQLQLSPLKGLSLVDKENTPPALSGTRVLASKTARR","Homo sapiens","CMGC","CDK","DPQQLQLSPLKGLSL"
3568,"P06493","CDK1","P22234",27,"S","****MATAEVLNIGKKLYEGKTKEVYELLDSPGKVLLQSKDQITAGNAARKNHLEGKAAIS","Homo sapiens","CMGC","CDK","EVYELLDSPGKVLLQ"
3573,"P06493","CDK1","Q9NZD0",315,"S","EEENLRKKGEPHHELPPGSTKRALPNNTSSSPQPKKKPLDGEYFTLQIRGRERFEMFRELN","Homo sapiens","CMGC","CDK","LPNNTSSSPQPKKKP"
3581,"P06493","CDK1","O95835",613,"S","DQPSLPKEDESEKSYENVDSGDKEKKQITTSPITVRKNKKDEERRESRIQSYSPQAFKFFM","Homo sapiens","CMGC","CDK","EKKQITTSPITVRKN"
3591,"P06493","CDK1","Q96FF9",83,"S","AVRKPIVLKRIVAHAVEVPAVQSPRRSPRISFFLEKENEPPGRELTKEDLFKTHSVPATPT","Homo sapiens","CMGC","CDK","PRRSPRISFFLEKEN"
3601,"P06493","CDK1","P29692",133,"S","QAISKLEARLNVLEKSSPGHRATAPQTQHVSPMRQVEPPAKKPATPAEDDEDDDIDLFGSD","Homo sapiens","CMGC","CDK","APQTQHVSPMRQVEP"
3607,"P06493","CDK1","P13084",70,"S","HQLSLRTVSLGAGAKDELHIVEAEAMNYEGSPIKVTLATLKMSVQPTVSLGGFEITPPVVL","Homo sapiens","CMGC","CDK","EAMNYEGSPIKVTLA"
3612,"P06493","CDK1","Q15291",497,"S","VHPLLGVKGDGKSKKKQAGRPKGSKGKEKDSPFKPKLYKGDRGLPLEGSAKGKVQAELSQP","Homo sapiens","CMGC","CDK","SKGKEKDSPFKPKLY"
3615,"P06493","CDK1","Q13541",70,"T","GTLFSTTPGGTRIIYDRKFLMECRNSPVTKTPPRDLPTIPGVTSPSSDEPPMEASQSHLRN","Homo sapiens","CMGC","CDK","RNSPVTKTPPRDLPT"
3628,"P06493","CDK1","Q13501",269,"T","NVGESVAAALSPLGIEVDIDVEHGGKRSRLTPVSPESSSTEEKSSSQPSSCCSDPSKPGGN","Homo sapiens","CMGC","CDK","GGKRSRLTPVSPESS"
3630,"P06493","CDK1","P52926",44,"S","SAQGQPAAPAPQKRGRGRPRKQQQEPTGEPSPKRPRGRPKGSKNKSPSKAAQKKAEATGEK","Homo sapiens","CMGC","CDK","QEPTGEPSPKRPRGR"
3636,"P06493","CDK1","P52948-2",529,"T","SPLFRNPMSDPKKKEERLKPTNPAAQKALTTPTHYKLTPRPATRVRPKALQTTGTAKSHLF","Homo sapiens","CMGC","CDK","AAQKALTTPTHYKLT"
3640,"P06493","CDK1","Q92993",90,"S","HERLDLKKIQFPKKEAKTPTKNGLPGSRPGSPEREVPASAQASGKTLPIPVQITLRFNLPK","Homo sapiens","CMGC","CDK","LPGSRPGSPEREVPA"
3668,"P06493","CDK1","P04637",315,"S","EEENLRKKGEPHHELPPGSTKRALPNNTSSSPQPKKKPLDGEYFTLQIRGRERFEMFRELN","Homo sapiens","CMGC","CDK","LPNNTSSSPQPKKKP"
3669,"P06493","CDK1","P22314",835,"S","VKIHVSDQELQSANASVDDSRLEELKATLPSPDKLPGFKMYPIDFEKDDDSNFHMDFIVAA","Homo sapiens","CMGC","CDK","ELKATLPSPDKLPGF"
3673,"P06493","CDK1","F1LW91",2021,"T","QNSTADAQKKAAPVLKQSDRRQSMAFSILNTPKKLGNSLLRRGTSKKTPAKVSPNPRSGTR","Homo sapiens","CMGC","CDK","MAFSILNTPKKLGNS"
3687,"P06493","CDK1","P0C1Z6",180,"S","APTPGNAENEPPEKETLSPPRRTPAPPEPGSPAPGEGPSGRKRRRVPRDGRRAGNALTPEL","Homo sapiens","CMGC","CDK","PAPPEPGSPAPGEGP"
3712,"P06493","CDK1","P06400",249,"S","MLCVLDYFIKLSPPMLLKEPYKTAVIPINGSPRTPRRGQNRSARIAKQLENDTRIIEVLCK","Homo sapiens","CMGC","CDK","AVIPINGSPRTPRRG"
3824,"P06493","CDK1","Q96C19",74,"S","AAEALGSADCELSAKLLRRADLNQGIGEPQSPSRRVFNPYTEFKEFSRKQIKDMEKMFKQY","Homo sapiens","CMGC","CDK","QGIGEPQSPSRRVFN"
3856,"P06493","CDK1","Q96RL1",677,"S","GAFRVPSPGMEEAGCSREMQSSFTRRDLNESPVKSFVSISEATDCLVDFKKQVTVQPGSRT","Homo sapiens","CMGC","CDK","TRRDLNESPVKSFVS"
3877,"P06493","CDK1","O35303",635,"S","TGNWRGMLKTSKAEELLAEEKSKPIPIMPASPQKGHAVNLLDVPVPVARKLSAREQRDCEV","Homo sapiens","CMGC","CDK","PIPIMPASPQKGHAV"
3880,"P06493","CDK1","P11388",1247,"S","QRVIPRITIEMKAEAEKKNKKKIKNENTEGSPQEDGVELEGLKQRLEKKQKREPGTKTKKQ","Homo sapiens","CMGC","CDK","KNENTEGSPQEDGVE"
3901,"P06493","CDK1","P17706-2",304,"S","EGAKCIKGDSSIQKRWKELSKEDLSPAFDHSPNKIMTEKYNGNRIGLEEEKLTGDRCTGLS","Homo sapiens","CMGC","CDK","LSPAFDHSPNKIMTE"
3922,"P06493","CDK1","Q4FZY0",73,"S","TAQALGSADDELSAKLLRRADLNQGIGEPQSPSRRVFNPYTEFKEFSRKQIKDMEKMFKQY","Homo sapiens","CMGC","CDK","QGIGEPQSPSRRVFN"
3946,"P06493","CDK1","P06748",70,"S","HQLSLRTVSLGAGAKDELHIVEAEAMNYEGSPIKVTLATLKMSVQPTVSLGGFEITPPVVL","Homo sapiens","CMGC","CDK","EAMNYEGSPIKVTLA"
3957,"P06493","CDK1","P11388",1213,"S","AKEKQDEQVGLPGKGGKAKGKKTQMAEVLPSPRGQRVIPRITIEMKAEAEKKNKKKIKNEN","Homo sapiens","CMGC","CDK","QMAEVLPSPRGQRVI"
3961,"P06493","CDK1","Q9UNZ2",140,"S","PRKKSPNELVDDLFKGAKEHGAVAVERVTKSPGETSKPRPFAGGGYRLGAAPEEESAYVAG","Homo sapiens","CMGC","CDK","AVERVTKSPGETSKP"
3976,"P06493","CDK1","Q9NZT2",378,"S","RSVEPQDAGPLERSQGDEAGGHGEDRPEPLSPKESKKRKLELSRREQPPTEPGPQSASEVE","Homo sapiens","CMGC","CDK","EDRPEPLSPKESKKR"
3984,"Q9NYV4","CDK12","P11388",1247,"S","QRVIPRITIEMKAEAEKKNKKKIKNENTEGSPQEDGVELEGLKQRLEKKQKREPGTKTKKQ","Homo sapiens","CMGC","CDK","KNENTEGSPQEDGVE"
3985,"Q9NYV4","CDK12","P11388",1213,"S","AKEKQDEQVGLPGKGGKAKGKKTQMAEVLPSPRGQRVIPRITIEMKAEAEKKNKKKIKNEN","Homo sapiens","CMGC","CDK","QMAEVLPSPRGQRVI"
3988,"Q9BWU1","CDK19","Q13153",174,"S","SFTDKSAEDYNSSNALNVKAVSETPAVPPVSEDEDDDDDDATPPPVIAPRPEHTKSVYTRS","Homo sapiens","CMGC","CDK","TPAVPPVSEDEDDDD"
4016,"P24941","CDK2","Q6PKG0",774,"S","QVPTDALANKLFGAPEPSTIARSLPTTVPESPNYRNTRTPRTPRTPQLKDSSQTSRFYPVV","Homo sapiens","CMGC","CDK","LPTTVPESPNYRNTR"
4060,"P24941","CDK2","P06400",821,"T","KFPSSPLRIPGGNIYISPLKSPYKISEGLPTPTKMTPRSRILVSIGESFGTSEKFQKINQM","Homo sapiens","CMGC","CDK","KISEGLPTPTKMTPR"
4062,"P24941","CDK2","P06748",70,"S","HQLSLRTVSLGAGAKDELHIVEAEAMNYEGSPIKVTLATLKMSVQPTVSLGGFEITPPVVL","Homo sapiens","CMGC","CDK","EAMNYEGSPIKVTLA"
4068,"P24941","CDK2","P19338",121,"T","ATPAKKTVTPAKAVTTPGKKGATPGKALVATPGKKGAAIPAKGAKNGKNAKKEDSDEEEDD","Homo sapiens","CMGC","CDK","PGKALVATPGKKGAA"
4082,"P24941","CDK2","P06400",249,"S","MLCVLDYFIKLSPPMLLKEPYKTAVIPINGSPRTPRRGQNRSARIAKQLENDTRIIEVLCK","Homo sapiens","CMGC","CDK","AVIPINGSPRTPRRG"
4083,"P24941","CDK2","Q9UKM9",135,"S","ASAIYSGYIFDYDYYRDDFYDRLFDYRGRLSPVPVPRAVPVKRPRVTVPLVRRVKTNVPVK","Homo sapiens","CMGC","CDK","FDYRGRLSPVPVPRA"
4095,"P24941","CDK2","P17096",36,"S","SKSSQPLASKQEKDGTEKRGRGRPRKQPPVSPGTALVGSQKEPSEVPTPKRPRGRPKGSKN","Homo sapiens","CMGC","CDK","PRKQPPVSPGTALVG"
4114,"P24941","CDK2","Q86XL3",528,"S","DQTAEASHVSRYGGSPRDPVLTLRAFAGPLSPAKAEDFRKLWKTPPREKAGFLHHVKKSDP","Homo sapiens","CMGC","CDK","RAFAGPLSPAKAEDF"
4116,"P24941","CDK2","P01106",62,"S","YQQQQQSELQPPAPSEDIWKKFELLPTPPLSPSRRSGLCSPSYVAVTPFSLRGDNDGGGGS","Homo sapiens","CMGC","CDK","LLPTPPLSPSRRSGL"
4151,"P24941","CDK2","P33991",110,"T","IPLDFDVSSPLTYGTPSSRVEGTPRSGVRGTPVRQRPDLGSAQKGLQVDLQSDGAAAEDIV","Homo sapiens","CMGC","CDK","PRSGVRGTPVRQRPD"
4153,"P24941","CDK2","P06400",826,"T","PLRIPGGNIYISPLKSPYKISEGLPTPTKMTPRSRILVSIGESFGTSEKFQKINQMVCNSD","Homo sapiens","CMGC","CDK","LPTPTKMTPRSRILV"
4171,"P24941","CDK2","P17706-2",304,"S","EGAKCIKGDSSIQKRWKELSKEDLSPAFDHSPNKIMTEKYNGNRIGLEEEKLTGDRCTGLS","Homo sapiens","CMGC","CDK","LSPAFDHSPNKIMTE"
4184,"P24941","CDK2","P28749",332,"T","VNKEYEEYVLTVGDFDERIFLGADAEEEIGTPRKFTRDTPLGKLTAQANVEYNLQQHFEKK","Homo sapiens","CMGC","CDK","DAEEEIGTPRKFTRD"
4199,"P24941","CDK2","P12956",455,"T","IQVTPPGFQLVFLPFADDKRKMPFTEKIMATPEQVGKMKAIVEKLRFTYRSDSFENPVLQQ","Homo sapiens","CMGC","CDK","FTEKIMATPEQVGKM"
4238,"P24941","CDK2","P46013",357,"S","QTPSKAVGASFPLYEPAKMKTPVQYSQQQNSPQKHKNKDLYTTGRRESVNLGKSEGFKAGD","Homo sapiens","CMGC","CDK","QYSQQQNSPQKHKNK"
4258,"P24941","CDK2","P06400",356,"T","LKNKDLDARLFLDHDKTLQTDSIDSFETQRTPRKSNLDEEVNVIPPHTPVRTVMNTIQQLM","Homo sapiens","CMGC","CDK","DSFETQRTPRKSNLD"
4263,"P24941","CDK2","Q08999",1080,"S","LSQNHPVYISPHKNETMLSPREKIFYYFSNSPSKRLREINSMIRTGETPTKKRGILLEDGS","Homo sapiens","CMGC","CDK","IFYYFSNSPSKRLRE"
4275,"P24941","CDK2","P18858",76,"S","VSESDSPVKRPGRKAARVLGSEGEEEDEALSPAKGQKPALDCSQVSPPRPATSPENNASLS","Homo sapiens","CMGC","CDK","EEEDEALSPAKGQKP"
4316,"P24941","CDK2","P49736",41,"S","ASSPAQRRRGNDPLTSSPGRSSRRTDALTSSPGRDLPPFEDESEGLLGTEGPLEEEEDGEE","Homo sapiens","CMGC","CDK","RTDALTSSPGRDLPP"
4320,"P24941","CDK2","P16949",38,"S","VKELEKRASGQAFELILSPRSKESVPEFPLSPPKKKDLSLEEIQKKLEAAEERRKSHEAEV","Homo sapiens","CMGC","CDK","SVPEFPLSPPKKKDL"
4325,"P24941","CDK2","Q9NZD0",315,"S","EEENLRKKGEPHHELPPGSTKRALPNNTSSSPQPKKKPLDGEYFTLQIRGRERFEMFRELN","Homo sapiens","CMGC","CDK","LPNNTSSSPQPKKKP"
4334,"P24941","CDK2","O00429",616,"S","TGNWRGMLKTSKAEELLAEEKSKPIPIMPASPQKGHAVNLLDVPVPVARKLSAREQRDCEV","Homo sapiens","CMGC","CDK","PIPIMPASPQKGHAV"
4353,"P24941","CDK2","P22234",27,"S","****MATAEVLNIGKKLYEGKTKEVYELLDSPGKVLLQSKDQITAGNAARKNHLEGKAAIS","Homo sapiens","CMGC","CDK","EVYELLDSPGKVLLQ"
4357,"P24941","CDK2","P30050",38,"S","NEIKVVYLRCTGGEVGATSALAPKIGPLGLSPKKVGDDIAKATGDWKGLRITVKLTIQNRQ","Homo sapiens","CMGC","CDK","KIGPLGLSPKKVGDD"
4361,"P24941","CDK2","Q8WTW5",125,"S","TPPVVLRLKCGSGPVHISGQHLVAVEEDAESEDEEEEDVKLLSISGKRSAPGGGSKVPQKK","Homo sapiens","CMGC","CDK","AVEEDAESEDEEEED"
4362,"P24941","CDK2","P19338",76,"T","VVIPQKKGKKAAATSAKKVVVSPTKKVAVATPAKKAAVTPGKKAAATPAKKTVTPAKAVTT","Homo sapiens","CMGC","CDK","TKKVAVATPAKKAAV"
4365,"P24941","CDK2","P06400",373,"T","LQTDSIDSFETQRTPRKSNLDEEVNVIPPHTPVRTVMNTIQQLMMILNSASDQPSENLISY","Homo sapiens","CMGC","CDK","VNVIPPHTPVRTVMN"
4384,"P24941","CDK2","P31350",20,"S","***********MLSLRVPLAPITDPQQLQLSPLKGLSLVDKENTPPALSGTRVLASKTARR","Homo sapiens","CMGC","CDK","DPQQLQLSPLKGLSL"
4385,"P24941","CDK2","P16949",25,"S","******MASSDIQVKELEKRASGQAFELILSPRSKESVPEFPLSPPKKKDLSLEEIQKKLE","Homo sapiens","CMGC","CDK","QAFELILSPRSKESV"
4390,"P24941","CDK2","Q15554",365,"S","KTLSGAQDSEAAFAKLDQKDLVLPTQALPASPALKNKRPRKDENESSAPADGEGGSELQPK","Homo sapiens","CMGC","CDK","PTQALPASPALKNKR"
4395,"P24941","CDK2","O75533",142,"T","IADREDEYKKHRRTMIISPERLDPFADGGKTPDPKMNARTYMDVMREQHLTKEEREIRQQL","Homo sapiens","CMGC","CDK","PFADGGKTPDPKMNA"
4396,"P24941","CDK2","O94761",251,"S","IPGESAVLGPGAGSQGPEASAFQEVSIRVGSPQPSSSGGEKRRWNEEPWESPAQVQQESSQ","Homo sapiens","CMGC","CDK","EVSIRVGSPQPSSSG"
4397,"P24941","CDK2","P06748",199,"T","EEDDDEDDDDDDFDDEEAEEKAPVKKSIRDTPAKNAQKSNQNGKDSKPSSTPRSKGQESFK","Homo sapiens","CMGC","CDK","VKKSIRDTPAKNAQK"
4406,"P24941","CDK2","P61978",216,"S","PHSTDRVVLIGGKPDRVVECIKIILDLISESPIKGRAQPYDPNFYDETYDYGGFTMMFDDR","Homo sapiens","CMGC","CDK","ILDLISESPIKGRAQ"
4413,"P24941","CDK2","Q8IZL8",477,"S","GMLQGGASGEALLTHLLSDISPPADALKLRSPRGSPDGSLQTGKPSAPKKLKLDVGEAMAP","Homo sapiens","CMGC","CDK","ADALKLRSPRGSPDG"
4427,"P24941","CDK2","Q13416",226,"T","QEHEEDTNAVIFSQKIQAQNRVVSAPVGKETPSKRMKRDKTSDLVEEYFEAHSSSKVLTSD","Homo sapiens","CMGC","CDK","SAPVGKETPSKRMKR"
4439,"P24941","CDK2","Q9Y3Z3",592,"T","LYAARQYFVQWCADRNFTKPQDGDVIAPLITPQKKEWNDSTSVQNPTRLREASKSRVQLFK","Homo sapiens","CMGC","CDK","DVIAPLITPQKKEWN"
4440,"P24941","CDK2","P28749",650,"S","PRVKEVRTDSGSLRRDMQPLSPISVHERYSSPTAGSAKRRLFGEDPPKEMLMDKIITEGTK","Homo sapiens","CMGC","CDK","SVHERYSSPTAGSAK"
4451,"P24941","CDK2","P04637",315,"S","EEENLRKKGEPHHELPPGSTKRALPNNTSSSPQPKKKPLDGEYFTLQIRGRERFEMFRELN","Homo sapiens","CMGC","CDK","LPNNTSSSPQPKKKP"
4452,"P24941","CDK2","P10412",18,"T","*************MSETAPAAPAAPAPAEKTPVKKKARKSAGAAKRKASGPPVSELITKAV","Homo sapiens","CMGC","CDK","APAPAEKTPVKKKAR"
4453,"P24941","CDK2","P49736",40,"S","MASSPAQRRRGNDPLTSSPGRSSRRTDALTSSPGRDLPPFEDESEGLLGTEGPLEEEEDGE","Homo sapiens","CMGC","CDK","RRTDALTSSPGRDLP"
4455,"P24941","CDK2","P29590",518,"S","VIKMESEEGKEARLARSSPEQPRPSTSKAVSPPHLDGPPSPRSPVIGSEVFLPNSNHVASG","Homo sapiens","CMGC","CDK","PSTSKAVSPPHLDGP"
4457,"P24941","CDK2","Q8WTW5",199,"T","EEDDDEDDDDDDFDDEEAEEKAPVKKSIRDTPAKNAQKSNQNGKDSKPSSTPRSKGQESFK","Homo sapiens","CMGC","CDK","VKKSIRDTPAKNAQK"
4492,"P11802","CDK4","P26358",127,"S","HAYNREVNGRLENGNQARSEARRVGMADANSPPKPLSKPRTPRRSKSDGEAKPEPSPSPRI","Homo sapiens","CMGC","CDK","VGMADANSPPKPLSK"
4510,"P11802","CDK4","P06400",356,"T","LKNKDLDARLFLDHDKTLQTDSIDSFETQRTPRKSNLDEEVNVIPPHTPVRTVMNTIQQLM","Homo sapiens","CMGC","CDK","DSFETQRTPRKSNLD"
4513,"P11802","CDK4","Q9BQA1",5,"T","**************************MRKETPPPLVPPAAREWNLPPNAPACMERQLEAAR","Homo sapiens","CMGC","CDK","___MRKETPPPLVPP"
4533,"P11802","CDK4","P06400",373,"T","LQTDSIDSFETQRTPRKSNLDEEVNVIPPHTPVRTVMNTIQQLMMILNSASDQPSENLISY","Homo sapiens","CMGC","CDK","VNVIPPHTPVRTVMN"
4538,"P11802","CDK4","P06400",826,"T","PLRIPGGNIYISPLKSPYKISEGLPTPTKMTPRSRILVSIGESFGTSEKFQKINQMVCNSD","Homo sapiens","CMGC","CDK","LPTPTKMTPRSRILV"
4540,"P11802","CDK4","Q8IZL8",477,"S","GMLQGGASGEALLTHLLSDISPPADALKLRSPRGSPDGSLQTGKPSAPKKLKLDVGEAMAP","Homo sapiens","CMGC","CDK","ADALKLRSPRGSPDG"
4543,"P11802","CDK4","P28749",650,"S","PRVKEVRTDSGSLRRDMQPLSPISVHERYSSPTAGSAKRRLFGEDPPKEMLMDKIITEGTK","Homo sapiens","CMGC","CDK","SVHERYSSPTAGSAK"
4551,"P11802","CDK4","P17480",484,"S","AKYKAREAALKAQSERKPGGEREERGKLPESPKRAEEIWQQSVIGDYLARFKNDRVKALKA","Homo sapiens","CMGC","CDK","ERGKLPESPKRAEEI"
4556,"P11802","CDK4","Q08050",522,"S","PSFKEESSHSWEDSSQSPTPRPKKSYSGLRSPTRCVSEMLVIQHRERRERSRSRRKQHLLP","Homo sapiens","CMGC","CDK","KSYSGLRSPTRCVSE"
4621,"Q00535","CDK5","Q16643",142,"S","VDVIVNASSVEDIDAGAIGQRLSNGLARLSSPVLHRLRLREDENAEPVGTTYQKTDAAVEM","Homo sapiens","CMGC","CDK","NGLARLSSPVLHRLR"
4657,"Q00535","CDK5","P13668",25,"S","******MASSDIQVKELEKRASGQAFELILSPRSKESVPEFPLSPPKKKDLSLEEIQKKLE","Homo sapiens","CMGC","CDK","QAFELILSPRSKESV"
4805,"Q00535","CDK5","P01106",62,"S","YQQQQQSELQPPAPSEDIWKKFELLPTPPLSPSRRSGLCSPSYVAVTPFSLRGDNDGGGGS","Homo sapiens","CMGC","CDK","LLPTPPLSPSRRSGL"
4822,"Q00535","CDK5","O00429",616,"S","TGNWRGMLKTSKAEELLAEEKSKPIPIMPASPQKGHAVNLLDVPVPVARKLSAREQRDCEV","Homo sapiens","CMGC","CDK","PIPIMPASPQKGHAV"
4824,"Q00535","CDK5","P13668",38,"S","VKELEKRASGQAFELILSPRSKESVPEFPLSPPKKKDLSLEEIQKKLEAAEERRKSHEAEV","Homo sapiens","CMGC","CDK","SVPEFPLSPPKKKDL"
4865,"Q00534","CDK6","P06748",199,"T","EEDDDEDDDDDDFDDEEAEEKAPVKKSIRDTPAKNAQKSNQNGKDSKPSSTPRSKGQESFK","Homo sapiens","CMGC","CDK","VKKSIRDTPAKNAQK"
4888,"Q00534","CDK6","P06400",826,"T","PLRIPGGNIYISPLKSPYKISEGLPTPTKMTPRSRILVSIGESFGTSEKFQKINQMVCNSD","Homo sapiens","CMGC","CDK","LPTPTKMTPRSRILV"
4889,"Q00534","CDK6","Q8WTW5",199,"T","EEDDDEDDDDDDFDDEEAEEKAPVKKSIRDTPAKNAQKSNQNGKDSKPSSTPRSKGQESFK","Homo sapiens","CMGC","CDK","VKKSIRDTPAKNAQK"
4894,"Q00534","CDK6","P06400",821,"T","KFPSSPLRIPGGNIYISPLKSPYKISEGLPTPTKMTPRSRILVSIGESFGTSEKFQKINQM","Homo sapiens","CMGC","CDK","KISEGLPTPTKMTPR"
4899,"Q00534","CDK6","Q08050",522,"S","PSFKEESSHSWEDSSQSPTPRPKKSYSGLRSPTRCVSEMLVIQHRERRERSRSRRKQHLLP","Homo sapiens","CMGC","CDK","KSYSGLRSPTRCVSE"
4915,"P50613","CDK7","P49736",41,"S","ASSPAQRRRGNDPLTSSPGRSSRRTDALTSSPGRDLPPFEDESEGLLGTEGPLEEEEDGEE","Homo sapiens","CMGC","CDK","RTDALTSSPGRDLPP"
4936,"P50613","CDK7","P49736",40,"S","MASSPAQRRRGNDPLTSSPGRSSRRTDALTSSPGRDLPPFEDESEGLLGTEGPLEEEEDGE","Homo sapiens","CMGC","CDK","RRTDALTSSPGRDLP"
4945,"P50613","CDK7","P06493",161,"T","PQNLLIDDKGTIKLADFGLARAFGIPIRVYTHEVVTLWYRSPEVLLGSARYSTPVDIWSIG","Homo sapiens","CMGC","CDK","GIPIRVYTHEVVTLW"
4995,"P50750","CDK9","Q15596",493,"S","YALKMNSPSQSSPGMNPGQPTSMLSPRHRMSPGVAGSPRIPPSQFSPAGSLHSPVGVCSST","Homo sapiens","CMGC","CDK","LSPRHRMSPGVAGSP"
5017,"P50750","CDK9","P04637",315,"S","EEENLRKKGEPHHELPPGSTKRALPNNTSSSPQPKKKPLDGEYFTLQIRGRERFEMFRELN","Homo sapiens","CMGC","CDK","LPNNTSSSPQPKKKP"
5157,"O14757","CHEK1","P85299",240,"S","PYLGTYGLHSSEGPFTHSCILEKRLLRRSRSGDVLAKNPVVRSKSYNTPLLNPVQEHEAEG","Homo sapiens","CAMK","CAMKL","RLLRRSRSGDVLAKN"
5162,"O14757","CHEK1","Q9H8G2",203,"S","EEIKKLCQEQLELLSEKKILKILEGDNGMDSDMEEEADDGSKMGSDLVSQQDICIDSASSV","Homo sapiens","CAMK","CAMKL","EGDNGMDSDMEEEAD"
5178,"O14757","CHEK1","P18858",76,"S","VSESDSPVKRPGRKAARVLGSEGEEEDEALSPAKGQKPALDCSQVSPPRPATSPENNASLS","Homo sapiens","CAMK","CAMKL","EEEDEALSPAKGQKP"
5184,"O14757","CHEK1","Q9HC62",344,"S","GYQLEPDLSEEVSARLRLGSGSNGLLRRKVSIIETKEKNCSGKERDRRTDDLLELTEDMEK","Homo sapiens","CAMK","CAMKL","GLLRRKVSIIETKEK"
5204,"O14757","CHEK1","Q06486",331,"S","ADDAERERRDREERLRHSRNPATRGLPSTASGRLRGTQEVAPPTPLTPTSHTANTSPRPVS","Homo sapiens","CAMK","CAMKL","RGLPSTASGRLRGTQ"
5213,"O14757","CHEK1","Q6PD62",1081,"S","KCASSESDSDENQNKSGSEAGSPRRPRRQRSDQDSDSDQPSRKRRPSGSEQSDNESVQSGR","Homo sapiens","CAMK","CAMKL","RRPRRQRSDQDSDSD"
5223,"O14757","CHEK1","Q9Y4F5",655,"S","AQRMALLQEFASRPLGAAPQAEHQGLPVPGSPGGQKWVSRWASLADSYSDPGLTEDGLGRR","Homo sapiens","CAMK","CAMKL","QGLPVPGSPGGQKWV"
5252,"O14757","CHEK1","Q9UJM3",251,"S","DLSYVSDQNGGVPDPNPPPPQTHRRLRRSHSGPAGSFNKPAIRISNCCIHRASPNSDEDKP","Homo sapiens","CAMK","CAMKL","RRLRRSHSGPAGSFN"
5284,"O14757","CHEK1","Q14186",23,"S","********MAKDAGLIEANGELKVFIDQNLSPGKGVVSLVAVHPSTVNPLGKQLLPKTFGQ","Homo sapiens","CAMK","CAMKL","VFIDQNLSPGKGVVS"
5290,"O14757","CHEK1","O43660",119,"S","EVEYFVAGTHPYPPGPGVALTADTKIQRMPSESAAQSLAVALPLQTKADANRTAPSGSEYR","Homo sapiens","CAMK","CAMKL","TKIQRMPSESAAQSL"
5291,"O14757","CHEK1","Q14247",298,"S","GFGGKFGVQSERQDSAAVGFDYKEKLAKHESQQDYSKGFGGKYGVQKDRMDKNASTFEDVT","Homo sapiens","CAMK","CAMKL","EKLAKHESQQDYSKG"
5297,"O14757","CHEK1","Q13439",71,"S","SFTEQLDEGTPNRESGDTQSFAQKLQLRVPSVESLFRSPIKESLFRSSSKESLVRTSSRES","Homo sapiens","CAMK","CAMKL","KLQLRVPSVESLFRS"
5332,"O14757","CHEK1","Q13263",473,"S","MEVQEGYGFGSGDDPYSSAEPHVSGVKRSRSGEGEVSGLMRKVPRVSLERLDLDLTADSQP","Homo sapiens","CAMK","CAMKL","SGVKRSRSGEGEVSG"
5333,"O14757","CHEK1","P05432",250,"S","DLSCASDQNRVVPDPNPPPPQSHRRLRRSHSGPAGSFNKPAIRISSCTHRASPSSDEDKPE","Homo sapiens","CAMK","CAMKL","RRLRRSHSGPAGSFN"
5362,"O96017","CHEK2","Q9UHR4",331,"S","FNNPATAAPNSQRVNNSTGTSEDPSLQRSVSVATGLNMMKKQKVKTIFPHTAGSNKTLLSF","Homo sapiens","CAMK","RAD53","PSLQRSVSVATGLNM"
5389,"O96017","CHEK2","Q13263",473,"S","MEVQEGYGFGSGDDPYSSAEPHVSGVKRSRSGEGEVSGLMRKVPRVSLERLDLDLTADSQP","Homo sapiens","CAMK","RAD53","SGVKRSRSGEGEVSG"
5393,"O96017","CHEK2","O96017",260,"S","ACGEVKLAFERKTCKKVAIKIISKRKFAIGSAREADPALNVETEIEILKKLNHPCIIKIKN","Homo sapiens","CAMK","RAD53","KRKFAIGSAREADPA"
5507,"O15111","CHUK","Q86VP1-2",624,"S","LENPAERKMEDGADGAFYPDEIQRPPVRVPSWGLEDNVVCSQPARNFSRPDGLEDSEDSKE","Homo sapiens","Other","IKK","RPPVRVPSWGLEDNV"
6167,"P49759","CLK1","Q96I25",222,"S","FPYEEDSRPRSQSSKAAIPPPVYEEQDRPRSPTGPSNSFLANMGGTVAHKIMQKYGFREGQ","Homo sapiens","CMGC","CLK","EEQDRPRSPTGPSNS"
6396,"P48729","CSNK1A1","P07910",260,"S","NDKSEEEQSSSSVKKDETNVKMESEGGADDSAEEGDLLDDDDNEDRGDDQLELIKDDEKEA","Homo sapiens","CK1","CK1","SEGGADDSAEEGDLL"
6630,"P68400","CSNK2A1","Q15596",493,"S","YALKMNSPSQSSPGMNPGQPTSMLSPRHRMSPGVAGSPRIPPSQFSPAGSLHSPVGVCSST","Homo sapiens","CMGC","CK2","LSPRHRMSPGVAGSP"
6672,"P68400","CSNK2A1","P35221",641,"S","FIDASRLVYDGIRDIRKAVLMIRTPEELDDSDFETEDFDVRSRTSVQTEDDQLIAGQSARA","Homo sapiens","CMGC","CK2","TPEELDDSDFETEDF"
6700,"P68400","CSNK2A1","P07910",260,"S","NDKSEEEQSSSSVKKDETNVKMESEGGADDSAEEGDLLDDDDNEDRGDDQLELIKDDEKEA","Homo sapiens","CMGC","CK2","SEGGADDSAEEGDLL"
6766,"P68400","CSNK2A1","Q13547",421,"S","EESGDEDEDDPDKRISICSSDKRIACEEEFSDSEEEGEGGRKNSSNFKKAKRVKTEDEKEK","Homo sapiens","CMGC","CK2","IACEEEFSDSEEEGE"
6785,"P68400","CSNK2A1","Q99638",387,"S","PPKKFRSLFFGSILAPVRSPQGPSPVLAEDSEGEG**************************","Homo sapiens","CMGC","CK2","SPVLAEDSEGEG___"
6790,"P68400","CSNK2A1","Q93009",18,"S","*************MNHQQQQQQQKAGEQQLSEPEDMEMEAGDTDDPPRITQNPVINGNVAL","Homo sapiens","CMGC","CK2","KAGEQQLSEPEDMEM"
6815,"P68400","CSNK2A1","P55010",389,"S","SKKYVSKELAKEIRVKAEPFIKWLKEAEEESSGGEEEDEDENIEVVYSKAASVPKVETVKS","Homo sapiens","CMGC","CK2","LKEAEEESSGGEEED"
6860,"P68400","CSNK2A1","P52927",104,"S","KRPRGRPRKWPQQVVQKKPAQETEETSSQESAEED**************************","Homo sapiens","CMGC","CK2","EETSSQESAEED___"
6900,"P68400","CSNK2A1","P11388",1377,"S","DFVPSDASPPKTKTSPKLSNKELKPQKSVVSDLEADDVKGSVPLSSSPPATHFPDETEITN","Homo sapiens","CMGC","CK2","KPQKSVVSDLEADDV"
6917,"P68400","CSNK2A1","P42768",483,"S","SSALQPPPQSSEGLVGALMHVMQKRSRAIHSSDEGEDQAGDEDEDDEWDD***********","Homo sapiens","CMGC","CK2","KRSRAIHSSDEGEDQ"
6963,"P68400","CSNK2A1","Q13283",149,"S","SVANKFYVHNDIFRYQDEVFGGFVTEPQEESEEEVEEPEERQQTPEVVPDDSGTFYDQAVV","Homo sapiens","CMGC","CK2","VTEPQEESEEEVEEP"
6968,"P68400","CSNK2A1","Q8NE71",140,"S","DEEDEVPAPKPRGGKKTKGGNVFAALIQDQSEEEEEEEKHPPKPAKPEKNRINKAVSEEQQ","Homo sapiens","CMGC","CK2","AALIQDQSEEEEEEE"
6985,"P68400","CSNK2A1","P11388",1525,"S","SDDFHMDFDSAVAPRAKSVRAKKPIKYLEESDEDDLF************************","Homo sapiens","CMGC","CK2","PIKYLEESDEDDLF_"
7006,"P68400","CSNK2A1","Q04637-8",1239,"S","ASLTEDRDRGRDAVKREAALPPVSPLKAALSEEELEKKSKAIIEEYLHLNDMKEAVQCVQE","Homo sapiens","CMGC","CK2","SPLKAALSEEELEKK"
7017,"P68400","CSNK2A1","P49736",40,"S","MASSPAQRRRGNDPLTSSPGRSSRRTDALTSSPGRDLPPFEDESEGLLGTEGPLEEEEDGE","Homo sapiens","CMGC","CK2","RRTDALTSSPGRDLP"
7048,"P68400","CSNK2A1","Q9BPX3",973,"S","KSTQLKTNRGQRKVTVSARTNRRCQTAEADSESDHEVPEPESEMKMRLPRRAKTAALEKSK","Homo sapiens","CMGC","CK2","CQTAEADSESDHEVP"
7064,"P68400","CSNK2A1","Q8NE71",109,"S","TRKGRRKKDVDDDGEEKELMERLKKLSVPTSDEEDEVPAPKPRGGKKTKGGNVFAALIQDQ","Homo sapiens","CMGC","CK2","KKLSVPTSDEEDEVP"
7075,"P68400","CSNK2A1","O14737",119,"S","EQGLIEILKKVSQQTEKTTTVKFNRRKVMDSDEDDDY************************","Homo sapiens","CMGC","CK2","NRRKVMDSDEDDDY_"
7087,"P68400","CSNK2A1","Q9BPX3",975,"S","TQLKTNRGQRKVTVSARTNRRCQTAEADSESDHEVPEPESEMKMRLPRRAKTAALEKSKLN","Homo sapiens","CMGC","CK2","TAEADSESDHEVPEP"
7190,"P68400","CSNK2A1","Q14676",299,"S","DNDTKVKRGAGNGVVPAGVILERSQPPGEDSDTDVDDDSRPPGRPAEVHLERAQPFGFIDS","Homo sapiens","CMGC","CK2","SQPPGEDSDTDVDDD"
7197,"P68400","CSNK2A1","P49736",41,"S","ASSPAQRRRGNDPLTSSPGRSSRRTDALTSSPGRDLPPFEDESEGLLGTEGPLEEEEDGEE","Homo sapiens","CMGC","CK2","RTDALTSSPGRDLPP"
7215,"P68400","CSNK2A1","Q15185",113,"S","GQSWPRLTKERAKLNWLSVDFNNWKDWEDDSDEDMSNFDRFSEMMNNMGGDEDVDLPEVDG","Homo sapiens","CMGC","CK2","WKDWEDDSDEDMSNF"
7226,"P68400","CSNK2A1","P34826",106,"S","LGTYGPADVEDTTGSGATDSKDDDDIDLFGSDDEEESEEAKRLREERLAQYESKKAKKPAL","Homo sapiens","CMGC","CK2","DDIDLFGSDDEEESE"
7259,"P68400","CSNK2A1","P55010",390,"S","KKYVSKELAKEIRVKAEPFIKWLKEAEEESSGGEEEDEDENIEVVYSKAASVPKVETVKSD","Homo sapiens","CMGC","CK2","KEAEEESSGGEEEDE"
7310,"P68400","CSNK2A1","P29692",162,"S","VSPMRQVEPPAKKPATPAEDDEDDDIDLFGSDNEEEDKEAAQLREERLRQYAEKKAKKPAL","Homo sapiens","CMGC","CK2","DDIDLFGSDNEEEDK"
7319,"P68400","CSNK2A1","Q96SB4",51,"S","KAQRKSETQHRGSAPHSESDLPEQEEEILGSDDDEQEDPNDYCKGGYHLVKIGDLFNGRYH","Homo sapiens","CMGC","CK2","QEEEILGSDDDEQED"
7365,"P68400","CSNK2A1","O60341",131,"S","IAETPEGRRTSRRKRAKVEYREMDESLANLSEDEYYSEEERNAKAEKEKKLPPPPPQAPPE","Homo sapiens","CMGC","CK2","DESLANLSEDEYYSE"
7367,"P68400","CSNK2A1","Q6ZMG9",346,"S","CFWSYLIVKIACKAVSRGKVSKDDRSDIESSSDEEDSEPPGKNPHTATTTNGTSGTNGYLL","Homo sapiens","CMGC","CK2","DRSDIESSSDEEDSE"
7369,"P68400","CSNK2A1","Q03267",63,"S","VPEDLSTTSGAQQNSKSDRGMGSNVKVETQSDEENGRACEMNGEECAEDLRMLDASGEKMN","Homo sapiens","CMGC","CK2","NVKVETQSDEENGRA"
7425,"P19784","CSNK2A2","Q96SB4",51,"S","KAQRKSETQHRGSAPHSESDLPEQEEEILGSDDDEQEDPNDYCKGGYHLVKIGDLFNGRYH","Homo sapiens","CMGC","CK2","QEEEILGSDDDEQED"
7497,"O43293","DAPK3","Q90623",695,"T","RRSYLTPVRDEESESQRKARSRQARQSRRSTQGVTLTDLQEAEKTIGRSRSTRTREQENEE","Homo sapiens","CAMK","DAPK","ARQSRRSTQGVTLTD"
7510,"O43293","DAPK3","O14974",696,"T","RRSYLTPVRDEESESQRKARSRQARQSRRSTQGVTLTDLQEAEKTIGRSRSTRTREQENEE","Homo sapiens","CAMK","DAPK","ARQSRRSTQGVTLTD"
7560,"Q13627","DYRK1A","Q96S94",369,"S","PKEGKGSKPSPLSVKNTKRRLEGAKKAKADSPVNGLPKGRESRSRSRSREQSYSRSPSRSA","Homo sapiens","CMGC","DYRK","AKKAKADSPVNGLPK"
7577,"Q13627","DYRK1A","O95644",261,"S","LGSPRHSPSTSPRASVTEESWLGARSSRPASPCNKRKYSLNGRQPPYSPHHSPTPSPHGSP","Homo sapiens","CMGC","DYRK","ARSSRPASPCNKRKY"
7670,"O00418","EEF2K","P13639",57,"T","HVDHGKSTLTDSLVCKAGIIASARAGETRFTDTRKDEQERCITIKSTAISLFYELSENDLN","Homo sapiens","Atypical","Alpha","RAGETRFTDTRKDEQ"
7676,"O00418","EEF2K","O00418",445,"S","FSDLDNMASRDHDHLDNHRESENSGDSGYPSEKRGELDDPEPREHGHSYSNRKYESDEDSL","Homo sapiens","Atypical","Alpha","SGDSGYPSEKRGELD"
7677,"O00418","EEF2K","P55823",56,"T","HVDHGKSTLTDSLVCKAGIIASARAGETRFTDTRKDEQERCITIKSTAISLFYELSENDLN","Homo sapiens","Atypical","Alpha","RAGETRFTDTRKDEQ"
8788,"P49840","GSK3A","Q00613",303,"S","PASPMASPGGSIDERPLSSSPLVRVKEEPPSPPQSPRVEEASPGRPSSVDTLLSPTALIDS","Homo sapiens","CMGC","GSK","RVKEEPPSPPQSPRV"
8822,"P49841","GSK3B","Q13541",70,"T","GTLFSTTPGGTRIIYDRKFLMECRNSPVTKTPPRDLPTIPGVTSPSSDEPPMEASQSHLRN","Homo sapiens","CMGC","GSK","RNSPVTKTPPRDLPT"
8880,"P49841","GSK3B","P21575",774,"S","DINTTTVSTPMPPPVDDSWLQVQSVPAGRRSPTSSPTPQRRAPAVPPARPGSRGPAPGPPP","Homo sapiens","CMGC","GSK","SVPAGRRSPTSSPTP"
8949,"P49841","GSK3B","P23246",687,"T","MMGSDMRTERFGQGGAGPVGGQGPRGMGPGTPAGYGRGREEYEGPNKKPRF**********","Homo sapiens","CMGC","GSK","PRGMGPGTPAGYGRG"
8985,"P49841","GSK3B","Q9UKT5",12,"S","*******************MAGSEPRSGTNSPPPPFSDWGRLEAAILSGWKTFWQSVSKER","Homo sapiens","CMGC","GSK","EPRSGTNSPPPPFSD"
9045,"P49841","GSK3B","Q92993",86,"S","EWVTHERLDLKKIQFPKKEAKTPTKNGLPGSRPGSPEREVPASAQASGKTLPIPVQITLRF","Homo sapiens","CMGC","GSK","TKNGLPGSRPGSPER"
9058,"P49841","GSK3B","Q15853",230,"T","MTPQDVLQTGTQRTIAPRTHPYSPKIDGTRTPRDERRRAQHNEVERRRRDKINNWIVQLSK","Homo sapiens","CMGC","GSK","PKIDGTRTPRDERRR"
9066,"P49841","GSK3B","Q00653",222,"S","LRFSAFLRASDGSFSLPLKPVISQPIHDSKSPGASNLKISRMDKTAGSVRGGDEVYLLCDK","Homo sapiens","CMGC","GSK","QPIHDSKSPGASNLK"
9072,"P49841","GSK3B","Q9NYF8",531,"S","KSEKLKDLFDYSPPLHKNLDAREKSTFREESPLRIKMIASDSHRPEVKLKMAPVPLDDSNR","Homo sapiens","CMGC","GSK","KSTFREESPLRIKMI"
9080,"P49841","GSK3B","P13807",653,"S","YEPNEADAAQGYRYPRPASVPPSPSLSRHSSPHQSEDEEDPRNGPLEEDGERYDEDEEAAK","Homo sapiens","CMGC","GSK","PSLSRHSSPHQSEDE"
9121,"P49841","GSK3B","Q00613",303,"S","PASPMASPGGSIDERPLSSSPLVRVKEEPPSPPQSPRVEEASPGRPSSVDTLLSPTALIDS","Homo sapiens","CMGC","GSK","RVKEEPPSPPQSPRV"
9124,"P49841","GSK3B","Q92993",90,"S","HERLDLKKIQFPKKEAKTPTKNGLPGSRPGSPEREVPASAQASGKTLPIPVQITLRFNLPK","Homo sapiens","CMGC","GSK","LPGSRPGSPEREVPA"
9152,"P49841","GSK3B","P13834",653,"S","YEPHEADATQGYRYPRPASVPPSPSLSRHSSPHQSEDEEEPRDGLPEEDGERYDEDEEAAK","Homo sapiens","CMGC","GSK","PSLSRHSSPHQSEDE"
9177,"P49841","GSK3B","Q15910",367,"T","ALTAERIKTPPKRPGGRRRGRLPNNSSRPSTPTINVLESKDTDSDREAGTETGGENNDKEE","Homo sapiens","CMGC","GSK","NNSSRPSTPTINVLE"
9375,"Q9H2X6","HIPK2","P17096-2",42,"T","LASKQEKDGTEKRGRGRPRKQPPKEPSEVPTPKRPRGRPKGSKNKGAAKTRKTTTTPGRKP","Homo sapiens","CMGC","DYRK","KEPSEVPTPKRPRGR"
9382,"Q9H2X6","HIPK2","P57682",92,"S","VDLTVNKRSSPPSAGNSPSSLKFPSSHRRASPGLSMPSSSPPIKKYSPPSPGVQPFGVPLS","Homo sapiens","CMGC","DYRK","PSSHRRASPGLSMPS"
9387,"Q9H2X6","HIPK2","P17096",53,"T","KRGRGRPRKQPPVSPGTALVGSQKEPSEVPTPKRPRGRPKGSKNKGAAKTRKTTTTPGRKP","Homo sapiens","CMGC","DYRK","KEPSEVPTPKRPRGR"
9411,"Q9H2X6","HIPK2","P17096",36,"S","SKSSQPLASKQEKDGTEKRGRGRPRKQPPVSPGTALVGSQKEPSEVPTPKRPRGRPKGSKN","Homo sapiens","CMGC","DYRK","PRKQPPVSPGTALVG"
9432,"Q9H2X6","HIPK2","P57682",250,"S","MNSVSPPQALLQENHPSVIVQPGKRPLPVESPDTQRKRRIHRCDYDGCNKVYTKSSHLKAH","Homo sapiens","CMGC","DYRK","KRPLPVESPDTQRKR"
9540,"O14920","IKBKB","Q96CV9",513,"S","EKIHEEKEQLALQLAVLLKENDAFEDGGRQSLMEMQSRHGARTSDSDQQAYLVQRGAEDRD","Homo sapiens","Other","IKK","FEDGGRQSLMEMQSR"
9683,"Q13418","ILK","Q90623",695,"T","RRSYLTPVRDEESESQRKARSRQARQSRRSTQGVTLTDLQEAEKTIGRSRSTRTREQENEE","Homo sapiens","TKL","MLK","ARQSRRSTQGVTLTD"
10595,"P46734","MAP2K3","P70618",182,"Y","KPSNLAVNEDCELKILDFGLARHTDDEMTGYVATRWYRAPEIMLNWMHYNQTVDIWSVGCI","Homo sapiens","STE","STE7","TDDEMTGYVATRWYR"
10602,"P46734","MAP2K3","Q16539",182,"Y","KPSNLAVNEDCELKILDFGLARHTDDEMTGYVATRWYRAPEIMLNWMHYNQTVDIWSVGCI","Homo sapiens","STE","STE7","TDDEMTGYVATRWYR"
10629,"P45985","MAP2K4","Q16539",182,"Y","KPSNLAVNEDCELKILDFGLARHTDDEMTGYVATRWYRAPEIMLNWMHYNQTVDIWSVGCI","Homo sapiens","STE","STE7","TDDEMTGYVATRWYR"
10650,"P52564","MAP2K6","P70618",182,"Y","KPSNLAVNEDCELKILDFGLARHTDDEMTGYVATRWYRAPEIMLNWMHYNQTVDIWSVGCI","Homo sapiens","STE","STE7","TDDEMTGYVATRWYR"
10655,"P52564","MAP2K6","P47811",182,"Y","KPSNLAVNEDCELKILDFGLARHTDDEMTGYVATRWYRAPEIMLNWMHYNQTVDIWSVGCI","Homo sapiens","STE","STE7","TDDEMTGYVATRWYR"
10659,"P52564","MAP2K6","Q16539",182,"Y","KPSNLAVNEDCELKILDFGLARHTDDEMTGYVATRWYRAPEIMLNWMHYNQTVDIWSVGCI","Homo sapiens","STE","STE7","TDDEMTGYVATRWYR"
10795,"Q99683","MAP3K5","Q16539",182,"Y","KPSNLAVNEDCELKILDFGLARHTDDEMTGYVATRWYRAPEIMLNWMHYNQTVDIWSVGCI","Homo sapiens","STE","STE11","TDDEMTGYVATRWYR"
10809,"O95382","MAP3K6","Q16539",182,"Y","KPSNLAVNEDCELKILDFGLARHTDDEMTGYVATRWYRAPEIMLNWMHYNQTVDIWSVGCI","Homo sapiens","STE","STE11","TDDEMTGYVATRWYR"
10859,"P41279","MAP3K8","P06493",161,"T","PQNLLIDDKGTIKLADFGLARAFGIPIRVYTHEVVTLWYRSPEVLLGSARYSTPVDIWSIG","Homo sapiens","STE","STE-Unique","GIPIRVYTHEVVTLW"
10867,"P41279","MAP3K8","P06748",199,"T","EEDDDEDDDDDDFDDEEAEEKAPVKKSIRDTPAKNAQKSNQNGKDSKPSSTPRSKGQESFK","Homo sapiens","STE","STE-Unique","VKKSIRDTPAKNAQK"
10869,"P41279","MAP3K8","Q13541",70,"T","GTLFSTTPGGTRIIYDRKFLMECRNSPVTKTPPRDLPTIPGVTSPSSDEPPMEASQSHLRN","Homo sapiens","STE","STE-Unique","RNSPVTKTPPRDLPT"
10877,"P41279","MAP3K8","P53350",210,"T","GNLFLNEDLEVKIGDFGLATKVEYDGERKKTLCGTPNYIAPEVLSKKGHSFEVDVWSIGCI","Homo sapiens","STE","STE-Unique","YDGERKKTLCGTPNY"
10895,"Q8IVH8","MAP4K3","Q8IVH8",170,"S","ANILLTDNGHVKLADFGVSAQITATIAKRKSFIGTPYWMAPEVAAVERKGGYNQLCDLWAV","Homo sapiens","STE","STE20","ATIAKRKSFIGTPYW"
10912,"P28482","MAPK1","Q96I25",71,"T","KSQRTKQSTVLAPVIDLKRGGSSDDRQIVDTPPHVAAGLKDPVPSGFSAGEVLIPLADEYD","Homo sapiens","CMGC","MAPK","DDRQIVDTPPHVAAG"
10930,"P28482","MAPK1","P49790",522,"S","PEITTSSPSPINSSQALTNKVQMTSPSSTGSPMFKFSSPIVKSTEANVLPPSSIGFTFSVP","Homo sapiens","CMGC","MAPK","TSPSSTGSPMFKFSS"
10992,"P28482","MAPK1","O00429",616,"S","TGNWRGMLKTSKAEELLAEEKSKPIPIMPASPQKGHAVNLLDVPVPVARKLSAREQRDCEV","Homo sapiens","CMGC","MAPK","PIPIMPASPQKGHAV"
11032,"P28482","MAPK1","Q15554",365,"S","KTLSGAQDSEAAFAKLDQKDLVLPTQALPASPALKNKRPRKDENESSAPADGEGGSELQPK","Homo sapiens","CMGC","MAPK","PTQALPASPALKNKR"
11113,"P28482","MAPK1","P16949",38,"S","VKELEKRASGQAFELILSPRSKESVPEFPLSPPKKKDLSLEEIQKKLEAAEERRKSHEAEV","Homo sapiens","CMGC","MAPK","SVPEFPLSPPKKKDL"
11116,"P28482","MAPK1","Q8IZP0",183,"S","VKWLKAKHGNNQPARTGTLSRTNPPTQKPPSPPMSGRGTLGRNTPYKTLEPVKPPTVPNDY","Homo sapiens","CMGC","MAPK","PPTQKPPSPPMSGRG"
11231,"P28482","MAPK1","P16949",25,"S","******MASSDIQVKELEKRASGQAFELILSPRSKESVPEFPLSPPKKKDLSLEEIQKKLE","Homo sapiens","CMGC","MAPK","QAFELILSPRSKESV"
11250,"P28482","MAPK1","P00558",203,"S","HSSMVGVNLPQKAGGFLMKKELNYFAKALESPERPFLAILGGAKVADKIQLINNMLDKVNE","Homo sapiens","CMGC","MAPK","YFAKALESPERPFLA"
11252,"P28482","MAPK1","Q00613",303,"S","PASPMASPGGSIDERPLSSSPLVRVKEEPPSPPQSPRVEEASPGRPSSVDTLLSPTALIDS","Homo sapiens","CMGC","MAPK","RVKEEPPSPPQSPRV"
11285,"P28482","MAPK1","P54227",25,"S","******MASSDIQVKELEKRASGQAFELILSPRSKESVPDFPLSPPKKKDLSLEEIQKKLE","Homo sapiens","CMGC","MAPK","QAFELILSPRSKESV"
11290,"P28482","MAPK1","P11388",1213,"S","AKEKQDEQVGLPGKGGKAKGKKTQMAEVLPSPRGQRVIPRITIEMKAEAEKKNKKKIKNEN","Homo sapiens","CMGC","MAPK","QMAEVLPSPRGQRVI"
11305,"P28482","MAPK1","P41182",343,"S","ALHFEPPNAPLNRKGLVSPQSPQKSDCQPNSPTESCSSKNACILQASGSPPAKSPTDPKAC","Homo sapiens","CMGC","MAPK","KSDCQPNSPTESCSS"
11347,"P28482","MAPK1","P29966",46,"S","AERPGEAAVASSPSKANGQENGHVKVNGDASPAAAESGAKEELQANGSAPAADKEEPAAAG","Homo sapiens","CMGC","MAPK","VKVNGDASPAAAESG"
11365,"P28482","MAPK1","P33981",821,"S","VQIQTHPVNQMAKGTTEEMKYVLGQLVGLNSPNSILKAAKTLYEHYSGGESHNSSSSKTFE","Homo sapiens","CMGC","MAPK","GQLVGLNSPNSILKA"
11373,"P28482","MAPK1","Q13153",212,"T","DDATPPPVIAPRPEHTKSVYTRSVIEPLPVTPTRDVATSPISPTENNTTPPDALTRNTEKQ","Homo sapiens","CMGC","MAPK","VIEPLPVTPTRDVAT"
11451,"P28482","MAPK1","P41182",333,"S","EERPSSEDEIALHFEPPNAPLNRKGLVSPQSPQKSDCQPNSPTESCSSKNACILQASGSPP","Homo sapiens","CMGC","MAPK","KGLVSPQSPQKSDCQ"
11464,"P28482","MAPK1","Q13541",70,"T","GTLFSTTPGGTRIIYDRKFLMECRNSPVTKTPPRDLPTIPGVTSPSSDEPPMEASQSHLRN","Homo sapiens","CMGC","MAPK","RNSPVTKTPPRDLPT"
11510,"P28482","MAPK1","Q15672",68,"S","KRRSSRRSAGGGAGPGGAAGGGVGGGDEPGSPAQGKRGKKSAGCGGGGGAGGGGGSSSGGG","Homo sapiens","CMGC","MAPK","GGGDEPGSPAQGKRG"
11512,"P28482","MAPK1","Q04637-8",1232,"S","PEGLRKAASLTEDRDRGRDAVKREAALPPVSPLKAALSEEELEKKSKAIIEEYLHLNDMKE","Homo sapiens","CMGC","MAPK","EAALPPVSPLKAALS"
11540,"P28482","MAPK1","Q15596",736,"S","LTAEATGKDLSQESSSTAPGSEVTIKQEPVSPKKKENALLRYLLDKDDTKDIGLPEITPKL","Homo sapiens","CMGC","MAPK","TIKQEPVSPKKKENA"
11598,"P28482","MAPK1","O94953",566,"S","GKAAFNQEHVSCQQAFEHFAQKGPTWKEPVSPMELTGPEDGAASSGAGRMETKARAGEGQA","Homo sapiens","CMGC","MAPK","PTWKEPVSPMELTGP"
11674,"P28482","MAPK1","P11388",1247,"S","QRVIPRITIEMKAEAEKKNKKKIKNENTEGSPQEDGVELEGLKQRLEKKQKREPGTKTKKQ","Homo sapiens","CMGC","MAPK","KNENTEGSPQEDGVE"
11688,"P28482","MAPK1","Q96I25",222,"S","FPYEEDSRPRSQSSKAAIPPPVYEEQDRPRSPTGPSNSFLANMGGTVAHKIMQKYGFREGQ","Homo sapiens","CMGC","MAPK","EEQDRPRSPTGPSNS"
11722,"P53779","MAPK10","P61978",216,"S","PHSTDRVVLIGGKPDRVVECIKIILDLISESPIKGRAQPYDPNFYDETYDYGGFTMMFDDR","Homo sapiens","CMGC","MAPK","ILDLISESPIKGRAQ"
11735,"P53779","MAPK10","P01106",62,"S","YQQQQQSELQPPAPSEDIWKKFELLPTPPLSPSRRSGLCSPSYVAVTPFSLRGDNDGGGGS","Homo sapiens","CMGC","MAPK","LLPTPPLSPSRRSGL"
11747,"P53779","MAPK10","P54227",25,"S","******MASSDIQVKELEKRASGQAFELILSPRSKESVPDFPLSPPKKKDLSLEEIQKKLE","Homo sapiens","CMGC","MAPK","QAFELILSPRSKESV"
11773,"Q15759","MAPK11","Q00613",303,"S","PASPMASPGGSIDERPLSSSPLVRVKEEPPSPPQSPRVEEASPGRPSSVDTLLSPTALIDS","Homo sapiens","CMGC","MAPK","RVKEEPPSPPQSPRV"
11797,"Q15759","MAPK11","P13807",653,"S","YEPNEADAAQGYRYPRPASVPPSPSLSRHSSPHQSEDEEDPRNGPLEEDGERYDEDEEAAK","Homo sapiens","CMGC","MAPK","PSLSRHSSPHQSEDE"
11820,"P53778","MAPK12","Q00613",303,"S","PASPMASPGGSIDERPLSSSPLVRVKEEPPSPPQSPRVEEASPGRPSSVDTLLSPTALIDS","Homo sapiens","CMGC","MAPK","RVKEEPPSPPQSPRV"
11853,"O15264","MAPK13","Q13501",269,"T","NVGESVAAALSPLGIEVDIDVEHGGKRSRLTPVSPESSSTEEKSSSQPSSCCSDPSKPGGN","Homo sapiens","CMGC","MAPK","GGKRSRLTPVSPESS"
11854,"O15264","MAPK13","Q00613",303,"S","PASPMASPGGSIDERPLSSSPLVRVKEEPPSPPQSPRVEEASPGRPSSVDTLLSPTALIDS","Homo sapiens","CMGC","MAPK","RVKEEPPSPPQSPRV"
11860,"O15264","MAPK13","P16949",25,"S","******MASSDIQVKELEKRASGQAFELILSPRSKESVPEFPLSPPKKKDLSLEEIQKKLE","Homo sapiens","CMGC","MAPK","QAFELILSPRSKESV"
11871,"O15264","MAPK13","P13668",25,"S","******MASSDIQVKELEKRASGQAFELILSPRSKESVPEFPLSPPKKKDLSLEEIQKKLE","Homo sapiens","CMGC","MAPK","QAFELILSPRSKESV"
11874,"O15264","MAPK13","P16949",38,"S","VKELEKRASGQAFELILSPRSKESVPEFPLSPPKKKDLSLEEIQKKLEAAEERRKSHEAEV","Homo sapiens","CMGC","MAPK","SVPEFPLSPPKKKDL"
11948,"Q16539","MAPK14","Q16539",182,"Y","KPSNLAVNEDCELKILDFGLARHTDDEMTGYVATRWYRAPEIMLNWMHYNQTVDIWSVGCI","Homo sapiens","CMGC","MAPK","TDDEMTGYVATRWYR"
11966,"Q16539","MAPK14","Q15672",68,"S","KRRSSRRSAGGGAGPGGAAGGGVGGGDEPGSPAQGKRGKKSAGCGGGGGAGGGGGSSSGGG","Homo sapiens","CMGC","MAPK","GGGDEPGSPAQGKRG"
11983,"Q16539","MAPK14","Q9NRR4",355,"S","EPAGCTPELPGEIIKNTDSWAPPLEIVNHRSPSREKKRARWEEEKDRWSDNQSSGKDKNYT","Homo sapiens","CMGC","MAPK","LEIVNHRSPSREKKR"
12024,"Q16539","MAPK14","Q00613",303,"S","PASPMASPGGSIDERPLSSSPLVRVKEEPPSPPQSPRVEEASPGRPSSVDTLLSPTALIDS","Homo sapiens","CMGC","MAPK","RVKEEPPSPPQSPRV"
12101,"Q16539","MAPK14","Q15910",367,"T","ALTAERIKTPPKRPGGRRRGRLPNNSSRPSTPTINVLESKDTDSDREAGTETGGENNDKEE","Homo sapiens","CMGC","MAPK","NNSSRPSTPTINVLE"
12104,"Q16539","MAPK14","Q07666",58,"S","PSVRQTPSRQPPLPHRSRGGGGGSRGGARASPATQPPPLLPPSATGPDATVGGPAPTPLLP","Homo sapiens","CMGC","MAPK","SRGGARASPATQPPP"
12133,"Q16539","MAPK14","P06400",249,"S","MLCVLDYFIKLSPPMLLKEPYKTAVIPINGSPRTPRRGQNRSARIAKQLENDTRIIEVLCK","Homo sapiens","CMGC","MAPK","AVIPINGSPRTPRRG"
12161,"Q16539","MAPK14","P13668",25,"S","******MASSDIQVKELEKRASGQAFELILSPRSKESVPEFPLSPPKKKDLSLEEIQKKLE","Homo sapiens","CMGC","MAPK","QAFELILSPRSKESV"
12231,"P27361","MAPK3","P49790",522,"S","PEITTSSPSPINSSQALTNKVQMTSPSSTGSPMFKFSSPIVKSTEANVLPPSSIGFTFSVP","Homo sapiens","CMGC","MAPK","TSPSSTGSPMFKFSS"
12275,"P27361","MAPK3","O00429",616,"S","TGNWRGMLKTSKAEELLAEEKSKPIPIMPASPQKGHAVNLLDVPVPVARKLSAREQRDCEV","Homo sapiens","CMGC","MAPK","PIPIMPASPQKGHAV"
12352,"P27361","MAPK3","P16949",38,"S","VKELEKRASGQAFELILSPRSKESVPEFPLSPPKKKDLSLEEIQKKLEAAEERRKSHEAEV","Homo sapiens","CMGC","MAPK","SVPEFPLSPPKKKDL"
12357,"P27361","MAPK3","Q8IZP0",183,"S","VKWLKAKHGNNQPARTGTLSRTNPPTQKPPSPPMSGRGTLGRNTPYKTLEPVKPPTVPNDY","Homo sapiens","CMGC","MAPK","PPTQKPPSPPMSGRG"
12432,"P27361","MAPK3","P16949",25,"S","******MASSDIQVKELEKRASGQAFELILSPRSKESVPEFPLSPPKKKDLSLEEIQKKLE","Homo sapiens","CMGC","MAPK","QAFELILSPRSKESV"
12441,"P27361","MAPK3","Q00613",303,"S","PASPMASPGGSIDERPLSSSPLVRVKEEPPSPPQSPRVEEASPGRPSSVDTLLSPTALIDS","Homo sapiens","CMGC","MAPK","RVKEEPPSPPQSPRV"
12448,"P27361","MAPK3","Q9UHB6",362,"S","LAVRSTPAEDDSRDSQVKSEVQQPVHPKPLSPDSRASSLSESSPPKAMKKFQAPARETCVE","Homo sapiens","CMGC","MAPK","PVHPKPLSPDSRASS"
12467,"P27361","MAPK3","P11388",1213,"S","AKEKQDEQVGLPGKGGKAKGKKTQMAEVLPSPRGQRVIPRITIEMKAEAEKKNKKKIKNEN","Homo sapiens","CMGC","MAPK","QMAEVLPSPRGQRVI"
12477,"P27361","MAPK3","P41182",343,"S","ALHFEPPNAPLNRKGLVSPQSPQKSDCQPNSPTESCSSKNACILQASGSPPAKSPTDPKAC","Homo sapiens","CMGC","MAPK","KSDCQPNSPTESCSS"
12494,"P27361","MAPK3","P41212",213,"S","RSPITTNHRPSPDPEQRPLRSPLDNMIRRLSPAERAQGPRPHQENNHQESYPLSVSPMENN","Homo sapiens","CMGC","MAPK","DNMIRRLSPAERAQG"
12500,"P27361","MAPK3","P29966",46,"S","AERPGEAAVASSPSKANGQENGHVKVNGDASPAAAESGAKEELQANGSAPAADKEEPAAAG","Homo sapiens","CMGC","MAPK","VKVNGDASPAAAESG"
12517,"P27361","MAPK3","P33981",821,"S","VQIQTHPVNQMAKGTTEEMKYVLGQLVGLNSPNSILKAAKTLYEHYSGGESHNSSSSKTFE","Homo sapiens","CMGC","MAPK","GQLVGLNSPNSILKA"
12577,"P27361","MAPK3","P41182",333,"S","EERPSSEDEIALHFEPPNAPLNRKGLVSPQSPQKSDCQPNSPTESCSSKNACILQASGSPP","Homo sapiens","CMGC","MAPK","KGLVSPQSPQKSDCQ"
12615,"P27361","MAPK3","Q04637-8",1232,"S","PEGLRKAASLTEDRDRGRDAVKREAALPPVSPLKAALSEEELEKKSKAIIEEYLHLNDMKE","Homo sapiens","CMGC","MAPK","EAALPPVSPLKAALS"
12617,"P27361","MAPK3","Q15672",68,"S","KRRSSRRSAGGGAGPGGAAGGGVGGGDEPGSPAQGKRGKKSAGCGGGGGAGGGGGSSSGGG","Homo sapiens","CMGC","MAPK","GGGDEPGSPAQGKRG"
12643,"P27361","MAPK3","Q15596",736,"S","LTAEATGKDLSQESSSTAPGSEVTIKQEPVSPKKKENALLRYLLDKDDTKDIGLPEITPKL","Homo sapiens","CMGC","MAPK","TIKQEPVSPKKKENA"
12732,"P27361","MAPK3","P11388",1247,"S","QRVIPRITIEMKAEAEKKNKKKIKNENTEGSPQEDGVELEGLKQRLEKKQKREPGTKTKKQ","Homo sapiens","CMGC","MAPK","KNENTEGSPQEDGVE"
12893,"P45983","MAPK8","Q96EB6",47,"S","AAGADREAASSPAGEPLRKRPRRDGPGLERSPGEPGGAAPEREVPAAARGCPGAAAAALWR","Homo sapiens","CMGC","MAPK","DGPGLERSPGEPGGA"
12921,"P45983","MAPK8","P61978",216,"S","PHSTDRVVLIGGKPDRVVECIKIILDLISESPIKGRAQPYDPNFYDETYDYGGFTMMFDDR","Homo sapiens","CMGC","MAPK","ILDLISESPIKGRAQ"
12979,"P45983","MAPK8","P01106",62,"S","YQQQQQSELQPPAPSEDIWKKFELLPTPPLSPSRRSGLCSPSYVAVTPFSLRGDNDGGGGS","Homo sapiens","CMGC","MAPK","LLPTPPLSPSRRSGL"
12982,"P45983","MAPK8","Q15672",68,"S","KRRSSRRSAGGGAGPGGAAGGGVGGGDEPGSPAQGKRGKKSAGCGGGGGAGGGGGSSSGGG","Homo sapiens","CMGC","MAPK","GGGDEPGSPAQGKRG"
12997,"P45983","MAPK8","P29966",46,"S","AERPGEAAVASSPSKANGQENGHVKVNGDASPAAAESGAKEELQANGSAPAADKEEPAAAG","Homo sapiens","CMGC","MAPK","VKVNGDASPAAAESG"
13028,"P45983","MAPK8","P13668",38,"S","VKELEKRASGQAFELILSPRSKESVPEFPLSPPKKKDLSLEEIQKKLEAAEERRKSHEAEV","Homo sapiens","CMGC","MAPK","SVPEFPLSPPKKKDL"
13035,"P45983","MAPK8","P54227",25,"S","******MASSDIQVKELEKRASGQAFELILSPRSKESVPDFPLSPPKKKDLSLEEIQKKLE","Homo sapiens","CMGC","MAPK","QAFELILSPRSKESV"
13111,"P45984","MAPK9","P01106",62,"S","YQQQQQSELQPPAPSEDIWKKFELLPTPPLSPSRRSGLCSPSYVAVTPFSLRGDNDGGGGS","Homo sapiens","CMGC","MAPK","LLPTPPLSPSRRSGL"
13123,"P45984","MAPK9","P29966",46,"S","AERPGEAAVASSPSKANGQENGHVKVNGDASPAAAESGAKEELQANGSAPAADKEEPAAAG","Homo sapiens","CMGC","MAPK","VKVNGDASPAAAESG"
13135,"P45984","MAPK9","P54227",25,"S","******MASSDIQVKELEKRASGQAFELILSPRSKESVPDFPLSPPKKKDLSLEEIQKKLE","Homo sapiens","CMGC","MAPK","QAFELILSPRSKESV"
13139,"P49137","MAPKAPK2","P18615",251,"S","DRDRDRDRERDRDRERDRDRDREGPFRRSDSFPERRAPRKGNTLYVYGEDMTPTLLRGAFS","Homo sapiens","CAMK","MAPKAPK","GPFRRSDSFPERRAP"
13153,"P49137","MAPKAPK2","Q13151",84,"S","TYSNVEEADAAMAASPHAVDGNTVELKRAVSREDSARPGAHAKVKKLFVGGLKGDVAEGDL","Homo sapiens","CAMK","MAPKAPK","VELKRAVSREDSARP"
13182,"P49137","MAPKAPK2","Q13263",473,"S","MEVQEGYGFGSGDDPYSSAEPHVSGVKRSRSGEGEVSGLMRKVPRVSLERLDLDLTADSQP","Homo sapiens","CAMK","MAPKAPK","SGVKRSRSGEGEVSG"
13255,"P49137","MAPKAPK2","P18615",51,"S","KLKKKKKALLALKKQSSSSTTSQGGVKRSLSEQPVMDTATATEQAKQLVKSGAISAIKAET","Homo sapiens","CAMK","MAPKAPK","GGVKRSLSEQPVMDT"
13497,"Q7KZI7","MARK2","Q9UQB8",366,"S","SYSNTLPVRKSVTPKNSYATTENKTLPRSSSMAAGLERNGRMRVKAIFSHAAGDNSTLLSF","Homo sapiens","CAMK","CAMKL","KTLPRSSSMAAGLER"
13572,"Q14680","MELK","Q14680",336,"S","SLWQYDHLTATYLLLLAKKARGKPVRLRLSSFSCGQASATPFTDIKSNNWSLEDVTASDKN","Homo sapiens","CAMK","CAMKL","PVRLRLSSFSCGQAS"
13590,"Q14680","MELK","P23588",406,"S","VEERLQKEQEKLQRQLDEPKLERRPRERHPSWRSEETQERERSRTGSESSQTGTSTTSSRN","Homo sapiens","CAMK","CAMKL","RPRERHPSWRSEETQ"
13599,"Q14680","MELK","Q14680",505,"S","LKETPIKIPVNSTGTDKLMTGVISPERRCRSVELDLNQAHMEETPKRKGAKVFGSLERGLD","Homo sapiens","CAMK","CAMKL","SPERRCRSVELDLNQ"
13680,"Q9HBH9","MKNK2","Q15149",4642,"S","YSPYSVSGSGSTAGSRTGSRTGSRAGSRRGSFDATGSGFSMTFSSSSYSSSGYGRRYASGS","Homo sapiens","CAMK","MAPKAPK","RAGSRRGSFDATGSG"
13753,"P42345","MTOR","P26358",714,"S","QACQERRCPNMAMKEADDDEEVDDNIPEMPSPKKMHQGKKKKQNKNRISWVGEAVKTDGKK","Homo sapiens","Atypical","PIKK","DNIPEMPSPKKMHQG"
13788,"P42345","MTOR","P01106",62,"S","YQQQQQSELQPPAPSEDIWKKFELLPTPPLSPSRRSGLCSPSYVAVTPFSLRGDNDGGGGS","Homo sapiens","Atypical","PIKK","LLPTPPLSPSRRSGL"
13864,"P42345","MTOR","Q13541",70,"T","GTLFSTTPGGTRIIYDRKFLMECRNSPVTKTPPRDLPTIPGVTSPSSDEPPMEASQSHLRN","Homo sapiens","Atypical","PIKK","RNSPVTKTPPRDLPT"
13881,"P42345","MTOR","Q6PKG0",774,"S","QVPTDALANKLFGAPEPSTIARSLPTTVPESPNYRNTRTPRTPRTPQLKDSSQTSRFYPVV","Homo sapiens","Atypical","PIKK","LPTTVPESPNYRNTR"
14001,"P51955","NEK2","P06748",70,"S","HQLSLRTVSLGAGAKDELHIVEAEAMNYEGSPIKVTLATLKMSVQPTVSLGGFEITPPVVL","Homo sapiens","Other","NEK","EAMNYEGSPIKVTLA"
14026,"Q9HC98","NEK6","P52948-2",822,"S","PPVGEGLNRKAEVTLDGVWPTDKTSRCLIKSPDRLADINYEGRLEAVSRKQGAQFKEYRPE","Homo sapiens","Other","NEK","TSRCLIKSPDRLADI"
14257,"Q13153","PAK1","Q92934",118,"S","EEPSPFRGRSRSAPPNLWAAQRYGRELRRMSDEFVDSFKKGLPRPKSAGTATQMRQSSSWT","Homo sapiens","STE","STE20","GRELRRMSDEFVDSF"
14265,"Q13153","PAK1","P16949",38,"S","VKELEKRASGQAFELILSPRSKESVPEFPLSPPKKKDLSLEEIQKKLEAAEERRKSHEAEV","Homo sapiens","STE","STE20","SVPEFPLSPPKKKDL"
14318,"Q13153","PAK1","Q10728",697,"T","RRSYLTPVRDEESESQRKARSRQARQSRRSTQGVTLTDLQEAEKTIGRSRSTRTREQENEE","Homo sapiens","STE","STE20","ARQSRRSTQGVTLTD"
14433,"O96013","PAK4","O00401",484,"S","QESTPPTPAPTSGIVGALMEVMQKRSKAIHSSDEDEDEDDEEDFEDDDEWED*********","Homo sapiens","STE","STE20","KRSKAIHSSDEDEDE"
14582,"Q15118","PDK1","P29804",231,"S","GQIFEAYNMAALWKLPCVFICENNRYGMGTSVERAAASTDYYKRGDFIPGLRVDGMDILCV","Homo sapiens","Atypical","PDHK","NRYGMGTSVERAAAS"
14591,"Q15118","PDK1","P08559",232,"S","GQIFEAYNMAALWKLPCIFICENNRYGMGTSVERAAASTDYYKRGDFIPGLRVDGMDILCV","Homo sapiens","Atypical","PDHK","NRYGMGTSVERAAAS"
14607,"Q15119","PDK2","P08559",232,"S","GQIFEAYNMAALWKLPCIFICENNRYGMGTSVERAAASTDYYKRGDFIPGLRVDGMDILCV","Homo sapiens","Atypical","PDHK","NRYGMGTSVERAAAS"
14701,"O15530","PDPK1","P08559",232,"S","GQIFEAYNMAALWKLPCIFICENNRYGMGTSVERAAASTDYYKRGDFIPGLRVDGMDILCV","Homo sapiens","AGC","PDK1","NRYGMGTSVERAAAS"
14835,"Q9P1W9","PIM2","Q5RKG9",406,"S","VEERLQKEQEKLQRQLDEPKLDRRPRERHPSWRSEETQERERSRTGSESSQTGTSATSGRN","Homo sapiens","CAMK","PIM","RPRERHPSWRSEETQ"
16328,"P53350","PLK1","P01106",62,"S","YQQQQQSELQPPAPSEDIWKKFELLPTPPLSPSRRSGLCSPSYVAVTPFSLRGDNDGGGGS","Homo sapiens","Other","PLK","LLPTPPLSPSRRSGL"
16424,"P53350","PLK1","Q9NYZ3",435,"S","PEGGGQWLNSSCAWSESSQLNKTRSIRRRDSCLNSKTKVMPTPTNQFKIPKFSIGDSPDSS","Homo sapiens","Other","PLK","RSIRRRDSCLNSKTK"
16443,"P53350","PLK1","Q00839",59,"S","GLKAELMERLQAALDDEEAGGRPAMEPGNGSLDLGGDSAGRSGAGLEQEAAAGGDEEEEEE","Homo sapiens","Other","PLK","AMEPGNGSLDLGGDS"
16452,"P53350","PLK1","Q96FC3",204,"S","RRELVHKANPIRKYQGLEIKSSDQPLTVPVSPKFSTRFHC*********************","Homo sapiens","Other","PLK","QPLTVPVSPKFSTRF"
16532,"P53350","PLK1","Q15022",546,"S","RNGPVKRTPITHILVCRPKRTKASMSEFLESEDGEVEQQRTYSSGHNRLYFHSDTCLPLRP","Homo sapiens","Other","PLK","SMSEFLESEDGEVEQ"
16570,"P53350","PLK1","Q9H1A4",688,"S","NLFVTCLMNMMGYNTDRLAWTRNFDFEGSLSPVIAPKKARPSETGSDDDWEYLLNSDYHQN","Homo sapiens","Other","PLK","FDFEGSLSPVIAPKK"
16571,"P53350","PLK1","P11388",1525,"S","SDDFHMDFDSAVAPRAKSVRAKKPIKYLEESDEDDLF************************","Homo sapiens","Other","PLK","PIKYLEESDEDDLF_"
16759,"Q13131","PRKAA1","Q14247",401,"T","AERAQRMAKERQEQEEARRKLEEQARAKTQTPPVSPAPQPTEERLPSSPVYEDAASFKAEL","Homo sapiens","CAMK","CAMKL","QARAKTQTPPVSPAP"
16774,"Q13131","PRKAA1","Q9H0B6",582,"S","ALRRSSEMLVKKLQGGTPQEPPNPRMKRASSLNFLNKSVEEPTQPGGTGLSDSRTLSSSSM","Homo sapiens","CAMK","CAMKL","PRMKRASSLNFLNKS"
16788,"Q13131","PRKAA1","Q9Y478",108,"S","RPTVFRWTGGGKEVYLSGSFNNWSKLPLTRSHNNFVAILDLPEGEHQYKFFVDGQWTHDPS","Homo sapiens","CAMK","CAMKL","SKLPLTRSHNNFVAI"
16807,"Q13131","PRKAA1","Q14694",76,"S","DKLPDGQEYQRIEFGVDEVIEPSDTLPRTPSYSISSTLNPQAPEFILGCTASKITPDGITK","Homo sapiens","CAMK","CAMKL","DTLPRTPSYSISSTL"
16833,"Q13131","PRKAA1","Q13085",80,"S","SPASVGSDTLSDLGISSLQDGLALHIRSSMSGLHLVKQGRDRKKIDSQRDFTVASPAEFVT","Homo sapiens","CAMK","CAMKL","LHIRSSMSGLHLVKQ"
16900,"P54646","PRKAA2","Q9UQB8",366,"S","SYSNTLPVRKSVTPKNSYATTENKTLPRSSSMAAGLERNGRMRVKAIFSHAAGDNSTLLSF","Homo sapiens","CAMK","CAMKL","KTLPRSSSMAAGLER"
16922,"P54646","PRKAA2","Q13085",80,"S","SPASVGSDTLSDLGISSLQDGLALHIRSSMSGLHLVKQGRDRKKIDSQRDFTVASPAEFVT","Homo sapiens","CAMK","CAMKL","LHIRSSMSGLHLVKQ"
17437,"P17612","PRKACA","P54253",775,"S","KFPEKMGLPAAPFLTKIEPSKPAATRKRRWSAPESRKLEKSEDEPPLTLPKPSLIPQEVKI","Homo sapiens","AGC","PKA","ATRKRRWSAPESRKL"
17672,"P17612","PRKACA","Q90623",695,"T","RRSYLTPVRDEESESQRKARSRQARQSRRSTQGVTLTDLQEAEKTIGRSRSTRTREQENEE","Homo sapiens","AGC","PKA","ARQSRRSTQGVTLTD"
17868,"P17612","PRKACA","P37802",163,"S","GGLAVARDDGLFSGDPNWFPKKSKENPRNFSDNQLQEGKNVIGLQMGTNRGASQAGMTGYG","Homo sapiens","AGC","PKA","KENPRNFSDNQLQEG"
17912,"P17612","PRKACA","Q92934",118,"S","EEPSPFRGRSRSAPPNLWAAQRYGRELRRMSDEFVDSFKKGLPRPKSAGTATQMRQSSSWT","Homo sapiens","AGC","PKA","GRELRRMSDEFVDSF"
17952,"P17612","PRKACA","P27708",1859,"S","EMTTTPERPRRGIPGLPDGRFHLPPRIHRASDPGLPAEEPKEKSSRKVAEPELMGTPDGTC","Homo sapiens","AGC","PKA","PPRIHRASDPGLPAE"
17975,"P17612","PRKACA","Q15149",4642,"S","YSPYSVSGSGSTAGSRTGSRTGSRAGSRRGSFDATGSGFSMTFSSSSYSSSGYGRRYASGS","Homo sapiens","AGC","PKA","RAGSRRGSFDATGSG"
18099,"P17612","PRKACA","P04792",143,"T","TKDGVVEITGKHEERQDEHGYISRCFTRKYTLPPGVDPTQVSSSLSPEGTLTVEAPMPKLA","Homo sapiens","AGC","PKA","RCFTRKYTLPPGVDP"
18116,"P17612","PRKACA","P35236",44,"S","LTLSLGAAMTQPPPEKTPAKKHVRLQERRGSNVALMLDVRSLGAVEPICSVNTPREVTLHF","Homo sapiens","AGC","PKA","RLQERRGSNVALMLD"
18204,"P22694","PRKACB","P04792",143,"T","TKDGVVEITGKHEERQDEHGYISRCFTRKYTLPPGVDPTQVSSSLSPEGTLTVEAPMPKLA","Homo sapiens","AGC","PKA","RCFTRKYTLPPGVDP"
18375,"P17252","PRKCA","P16527",132,"S","KTEEGATPSSSSETPKKKKKRFSFKKSFKLSGFSFKKNKKEAGEGAESEGGAAAAAEGGKE","Homo sapiens","AGC","PKC","FKKSFKLSGFSFKKN"
18558,"P17252","PRKCA","P21730",327,"S","PIIYVVAGQGFQGRLRKSLPSLLRNVLTEESVVRESKSFTRSTVDTMAQKTQAV*******","Homo sapiens","AGC","PKC","RNVLTEESVVRESKS"
18577,"P17252","PRKCA","P29966",167,"S","KAEDGATPSPSNETPKKKKKRFSFKKSFKLSGFSFKKNKKEAGEGGEAEAPAAEGGKDEAA","Homo sapiens","AGC","PKC","FKKSFKLSGFSFKKN"
18758,"P17252","PRKCA","Q9Y624",284,"S","VFGIWFAYSRGHFDRTKKGTSSKKVIYSQPSARSEGEFKQTSSFLV***************","Homo sapiens","AGC","PKC","KVIYSQPSARSEGEF"
18972,"P17252","PRKCA","Q16658",39,"S","AVQIQFGLINCGNKYLTAEAFGFKVNASASSLKKKQIWTLEQPPDEAGSAAVCLRSHLGRY","Homo sapiens","AGC","PKC","KVNASASSLKKKQIW"
19091,"P17252","PRKCA","P12624",166,"S","KAEDGATPSPSNETPKKKKKRFSFKKSFKLSGFSFKKNKKEAGEGGEAEGAAGASAEGGKD","Homo sapiens","AGC","PKC","FKKSFKLSGFSFKKN"
19101,"P17252","PRKCA","Q8K585",44,"S","SKQEKDGTEKRGRGRPRKQPSVSPGTALVGSQKEPSEVPTPKRPRGRPKGSKNKGTAKTRK","Homo sapiens","AGC","PKC","PGTALVGSQKEPSEV"
19144,"P05771","PRKCB","P16949",38,"S","VKELEKRASGQAFELILSPRSKESVPEFPLSPPKKKDLSLEEIQKKLEAAEERRKSHEAEV","Homo sapiens","AGC","PKC","SVPEFPLSPPKKKDL"
19243,"P05771","PRKCB","P16949",25,"S","******MASSDIQVKELEKRASGQAFELILSPRSKESVPEFPLSPPKKKDLSLEEIQKKLE","Homo sapiens","AGC","PKC","QAFELILSPRSKESV"
19279,"P05771","PRKCB","Q8K585",44,"S","SKQEKDGTEKRGRGRPRKQPSVSPGTALVGSQKEPSEVPTPKRPRGRPKGSKNKGTAKTRK","Homo sapiens","AGC","PKC","PGTALVGSQKEPSEV"
19287,"Q05655","PRKCD","O00429",616,"S","TGNWRGMLKTSKAEELLAEEKSKPIPIMPASPQKGHAVNLLDVPVPVARKLSAREQRDCEV","Homo sapiens","AGC","PKC","PIPIMPASPQKGHAV"
19289,"Q05655","PRKCD","O35303",635,"S","TGNWRGMLKTSKAEELLAEEKSKPIPIMPASPQKGHAVNLLDVPVPVARKLSAREQRDCEV","Homo sapiens","AGC","PKC","PIPIMPASPQKGHAV"
19403,"Q05655","PRKCD","Q8K585",44,"S","SKQEKDGTEKRGRGRPRKQPSVSPGTALVGSQKEPSEVPTPKRPRGRPKGSKNKGTAKTRK","Homo sapiens","AGC","PKC","PGTALVGSQKEPSEV"
19525,"Q02156","PRKCE","Q92934",118,"S","EEPSPFRGRSRSAPPNLWAAQRYGRELRRMSDEFVDSFKKGLPRPKSAGTATQMRQSSSWT","Homo sapiens","AGC","PKC","GRELRRMSDEFVDSF"
19562,"Q02156","PRKCE","Q6GMY0",24,"S","*******MSIRVTQKSYKVSTSGPRAFSSRSYTSGPGSRISSSSFSRVGSSNFRGGLGGGY","Homo sapiens","AGC","PKC","PRAFSSRSYTSGPGS"
19677,"P05129","PRKCG","Q8K585",44,"S","SKQEKDGTEKRGRGRPRKQPSVSPGTALVGSQKEPSEVPTPKRPRGRPKGSKNKGTAKTRK","Homo sapiens","AGC","PKC","PGTALVGSQKEPSEV"
19731,"P41743","PRKCI","Q9H8V3",359,"T","LYVVKQEWFWGSIQMDARAGETMYLYEKANTPELKKSVSMLSLNTPNSNRKRRRLKETLAQ","Homo sapiens","AGC","PKC","YLYEKANTPELKKSV"
19744,"P41743","PRKCI","Q92934",118,"S","EEPSPFRGRSRSAPPNLWAAQRYGRELRRMSDEFVDSFKKGLPRPKSAGTATQMRQSSSWT","Homo sapiens","AGC","PKC","GRELRRMSDEFVDSF"
19769,"Q04759","PRKCQ","P35236",44,"S","LTLSLGAAMTQPPPEKTPAKKHVRLQERRGSNVALMLDVRSLGAVEPICSVNTPREVTLHF","Homo sapiens","AGC","PKC","RLQERRGSNVALMLD"
19935,"Q15139","PRKD1","Q9EQG6",918,"S","EMTKLGSKTALNRRDTYRRRQMQRTITRQMSFDLTKLLVTEDWFSDISPQTMRRLLNIVSV","Homo sapiens","CAMK","PKD","RTITRQMSFDLTKLL"
19970,"Q15139","PRKD1","P16258",242,"S","TLRTLSSKVEDLSTCNDLIAKHGTALQRSLSELESLKLPAESNEKIKQVNERATLFRITSN","Homo sapiens","CAMK","PKD","TALQRSLSELESLKL"
19979,"Q15139","PRKD1","Q92934",118,"S","EEPSPFRGRSRSAPPNLWAAQRYGRELRRMSDEFVDSFKKGLPRPKSAGTATQMRQSSSWT","Homo sapiens","CAMK","PKD","GRELRRMSDEFVDSF"
19988,"Q15139","PRKD1","Q14247",298,"S","GFGGKFGVQSERQDSAAVGFDYKEKLAKHESQQDYSKGFGGKYGVQKDRMDKNASTFEDVT","Homo sapiens","CAMK","PKD","EKLAKHESQQDYSKG"
19997,"Q15139","PRKD1","P22059",240,"S","TLRTLSSKVEDLSTCNDLIAKHGTALQRSLSELESLKLPAESNEKIKQVNERATLFRITSN","Homo sapiens","CAMK","PKD","TALQRSLSELESLKL"
20003,"Q15139","PRKD1","Q9UBF8-2",294,"S","GLSPSKRTHQRSKSDATASISLSSNLKRTASNPKVENEDEPVRLAPEREFIKSLMAIGKRL","Homo sapiens","CAMK","PKD","SNLKRTASNPKVENE"
20041,"Q9BZL6","PRKD2","Q9UBF8-2",294,"S","GLSPSKRTHQRSKSDATASISLSSNLKRTASNPKVENEDEPVRLAPEREFIKSLMAIGKRL","Homo sapiens","CAMK","PKD","SNLKRTASNPKVENE"
20052,"P78527","PRKDC","Q00839-2",59,"S","GLKAELMERLQAALDDEEAGGRPAMEPGNGSLDLGGDSAGRSGAGLEQEAAAGGDEEEEEE","Homo sapiens","Atypical","PIKK","AMEPGNGSLDLGGDS"
20111,"P78527","PRKDC","P16104",139,"S","PNIQAVLLPKKTSATVGPKAPSGGKKATQASQEY***************************","Homo sapiens","Atypical","PIKK","GKKATQASQEY____"
20167,"P78527","PRKDC","Q00839",59,"S","GLKAELMERLQAALDDEEAGGRPAMEPGNGSLDLGGDSAGRSGAGLEQEAAAGGDEEEEEE","Homo sapiens","Atypical","PIKK","AMEPGNGSLDLGGDS"
20264,"Q13976-2","PRKG1","P04792",143,"T","TKDGVVEITGKHEERQDEHGYISRCFTRKYTLPPGVDPTQVSSSLSPEGTLTVEAPMPKLA","Homo sapiens","AGC","PKG","RCFTRKYTLPPGVDP"
20271,"Q13976","PRKG1","Q10728",697,"T","RRSYLTPVRDEESESQRKARSRQARQSRRSTQGVTLTDLQEAEKTIGRSRSTRTREQENEE","Homo sapiens","AGC","PKG","ARQSRRSTQGVTLTD"
20308,"Q13976","PRKG1","Q03393",19,"S","************MSTEGGGRRCQAQVSRRISFSASHRLYSKFLSDEENLKLFGKCNNPNGH","Homo sapiens","AGC","PKG","AQVSRRISFSASHRL"
20348,"Q13237","PRKG2","P04792",143,"T","TKDGVVEITGKHEERQDEHGYISRCFTRKYTLPPGVDPTQVSSSLSPEGTLTVEAPMPKLA","Homo sapiens","AGC","PKG","RCFTRKYTLPPGVDP"
20360,"Q13237","PRKG2","Q03393",19,"S","************MSTEGGGRRCQAQVSRRISFSASHRLYSKFLSDEENLKLFGKCNNPNGH","Homo sapiens","AGC","PKG","AQVSRRISFSASHRL"
20496,"P04049","RAF1","Q92934",118,"S","EEPSPFRGRSRSAPPNLWAAQRYGRELRRMSDEFVDSFKKGLPRPKSAGTATQMRQSSSWT","Homo sapiens","TKL","RAF","GRELRRMSDEFVDSF"
20501,"P04049","RAF1","O14974",696,"T","RRSYLTPVRDEESESQRKARSRQARQSRRSTQGVTLTDLQEAEKTIGRSRSTRTREQENEE","Homo sapiens","TKL","RAF","ARQSRRSTQGVTLTD"
20539,"P07949","RET","Q16539",182,"Y","KPSNLAVNEDCELKILDFGLARHTDDEMTGYVATRWYRAPEIMLNWMHYNQTVDIWSVGCI","Homo sapiens","TK","Ret","TDDEMTGYVATRWYR"
20594,"Q13464","ROCK1","Q9DBR7",694,"T","RRSYLTPVRDEESESQRKARSRQARQSRRSTQGVTLTDLQEAEKTIGRSRSTRTREQENEE","Homo sapiens","AGC","DMPK","ARQSRRSTQGVTLTD"
20662,"Q13464","ROCK1","Q90623",695,"T","RRSYLTPVRDEESESQRKARSRQARQSRRSTQGVTLTDLQEAEKTIGRSRSTRTREQENEE","Homo sapiens","AGC","DMPK","ARQSRRSTQGVTLTD"
20663,"Q13464","ROCK1","O14974",696,"T","RRSYLTPVRDEESESQRKARSRQARQSRRSTQGVTLTDLQEAEKTIGRSRSTRTREQENEE","Homo sapiens","AGC","DMPK","ARQSRRSTQGVTLTD"
20732,"O75116","ROCK2","Q90623",695,"T","RRSYLTPVRDEESESQRKARSRQARQSRRSTQGVTLTDLQEAEKTIGRSRSTRTREQENEE","Homo sapiens","AGC","DMPK","ARQSRRSTQGVTLTD"
20733,"O75116","ROCK2","O14974",696,"T","RRSYLTPVRDEESESQRKARSRQARQSRRSTQGVTLTDLQEAEKTIGRSRSTRTREQENEE","Homo sapiens","AGC","DMPK","ARQSRRSTQGVTLTD"
20792,"Q15418","RPS6KA1","Q92934",118,"S","EEPSPFRGRSRSAPPNLWAAQRYGRELRRMSDEFVDSFKKGLPRPKSAGTATQMRQSSSWT","Homo sapiens","AGC","RSK","GRELRRMSDEFVDSF"
20821,"Q15418","RPS6KA1","Q9UBP6",27,"S","****MAAETRNVAGAEAPPPQKRYYRQRAHSNPMADHTLRYPVKPEEMDWSELYPEFFAPL","Homo sapiens","AGC","RSK","YYRQRAHSNPMADHT"
20939,"P51812","RPS6KA3","Q9UBP6",27,"S","****MAAETRNVAGAEAPPPQKRYYRQRAHSNPMADHTLRYPVKPEEMDWSELYPEFFAPL","Homo sapiens","AGC","RSK","YYRQRAHSNPMADHT"
20986,"P51812","RPS6KA3","P16104",140,"S","PNIQAVLLPKKTSATVGPKAPSGGKKATQASQEY***************************","Homo sapiens","AGC","RSK","GKKATQASQEY____"
21086,"O75582","RPS6KA5","P54253",775,"S","KFPEKMGLPAAPFLTKIEPSKPAATRKRRWSAPESRKLEKSEDEPPLTLPKPSLIPQEVKI","Homo sapiens","AGC","RSK","ATRKRRWSAPESRKL"
21107,"P23443","RPS6KB1","P27708",1859,"S","EMTTTPERPRRGIPGLPDGRFHLPPRIHRASDPGLPAEEPKEKSSRKVAEPELMGTPDGTC","Homo sapiens","AGC","RSK","PPRIHRASDPGLPAE"
21124,"P23443","RPS6KB1","P62753",240,"S","AKLLAKRMKEAKEKRQEQIAKRRRLSSLRASTSKSESSQK*********************","Homo sapiens","AGC","RSK","RLSSLRASTSKSESS"
21179,"Q9UBS0","RPS6KB2","P09651",6,"S","*************************MSKSESPKEPEQLRKLFIGGLSFETTDESLRSHFEQ","Homo sapiens","AGC","RSK","__MSKSESPKEPEQL"
21318,"O00141","SGK1","Q92597",328,"T","PAKLAEAFKYFVQGMGYMPSASMTRLMRSRTASGSSVTSLDGTRSRSHTSEGTRSRSHTSE","Homo sapiens","AGC","SGK","TRLMRSRTASGSSVT"
21439,"P12931","SRC","Q05655",313,"Y","NQKLLAEALNQVTQRASRRSDSASSEPVGIYQGFEKKTGVAGEDMQDNSGTYGKIWEGSSK","Homo sapiens","TK","Src","SSEPVGIYQGFEKKT"
22255,"O94804","STK10","P53350",210,"T","GNLFLNEDLEVKIGDFGLATKVEYDGERKKTLCGTPNYIAPEVLSKKGHSFEVDVWSIGCI","Homo sapiens","STE","STE20","YDGERKKTLCGTPNY"
22480,"Q13043","STK4","P16104",139,"S","PNIQAVLLPKKTSATVGPKAPSGGKKATQASQEY***************************","Homo sapiens","STE","STE20","GKKATQASQEY____"
22607,"P21675","TAF1","P52655",316,"S","DEEEDYDDDEEEDKEKDGAEDGQVEEEPLNSEDDVSDEEGQELFDTENVVVCQYDKIHRSK","Homo sapiens","Atypical","TAF1","VEEEPLNSEDDVSDE"
22670,"Q9UHD2","TBK1","Q96CV9",513,"S","EKIHEEKEQLALQLAVLLKENDAFEDGGRQSLMEMQSRHGARTSDSDQQAYLVQRGAEDRD","Homo sapiens","Other","IKK","FEDGGRQSLMEMQSR"
22742,"Q86UE8","TLK2","Q9Y294",192,"S","DAESSNPNLQSLLSTDALPSASKGWSTSENSLNVMLESHMDCM******************","Homo sapiens","Other","TLK","GWSTSENSLNVMLES"
22901,"P33981","TTK","O60566",1043,"S","GELAAEMNGVFDTTFQSHLNKALWKVGKLTSPGALLFQ***********************","Homo sapiens","Other","TTK","WKVGKLTSPGALLFQ"
22902,"P33981","TTK","O60566",543,"S","NIWQEQPHSKGPSVPFSIFDEFLLSEKKNKSPPADPPRVLAQRRPLAVLKTSESITSNEDV","Homo sapiens","Other","TTK","LSEKKNKSPPADPPR"
22907,"P33981","TTK","P33981",821,"S","VQIQTHPVNQMAKGTTEEMKYVLGQLVGLNSPNSILKAAKTLYEHYSGGESHNSSSSKTFE","Homo sapiens","Other","TTK","GQLVGLNSPNSILKA"
22916,"P33981","TTK","Q9Y5T5",415,"S","LSLPVLDDQSGKKSVNDKNLKKTVEDEDQDSEEEKDNDSYIKERSDIPSGTSKHLQKKAKK","Homo sapiens","Other","TTK","VEDEDQDSEEEKDND"
22974,"Q8TAS1","UHMK1","P16949",38,"S","VKELEKRASGQAFELILSPRSKESVPEFPLSPPKKKDLSLEEIQKKLEAAEERRKSHEAEV","Homo sapiens","Other","KIS","SVPEFPLSPPKKKDL"
23106,"Q9Y3S1","WNK2","Q9UEW8",354,"T","KRPTAAELLKCKFFQKAKNREYLIEKLLTRTPDIAQRAKKVRRVPGSSGHLHKTEDGDWEW","Homo sapiens","Other","WNK","IEKLLTRTPDIAQRA"
